Leo Messi,https://instagram.com/leomessi,leomessi,"127,068,399",4.60%
Paulo Dybala,https://instagram.com/paulodybala,paulodybala,"32,071,949",5.80%
Karol SevillağŸŒ»,https://instagram.com/karolsevillaofc,karolsevillaofc,"9,570,112",4.30%
AntoRoccuzzo88,https://instagram.com/antoroccuzzo88,antoroccuzzo88,"9,159,505",9.70%
Ãngel Di MarÃ­a,https://instagram.com/angeldimariajm,angeldimariajm,"9,034,082",1.90%
TINI,https://instagram.com/tinitastoessel,tinitastoessel,"8,816,815",8.20%
Marcelo Tinelli,https://instagram.com/marcelotinelli,marcelotinelli,"6,801,667",0.80%
LALI,https://instagram.com/laliespositoo,laliespositoo,"6,491,790",2.80%
Jimena Baron,https://instagram.com/baronjimena,baronjimena,"6,024,449",4.50%
Valentina Zenere,https://instagram.com/valentinazenere,valentinazenere,"6,018,430",4.20%
Marley,https://instagram.com/marley_ok,marley_ok,"5,180,318",1.30%
Wanda nara,https://instagram.com/wanda_icardi,wanda_icardi,"4,532,838",1.20%
Mauro Icardi - MI9,https://instagram.com/mauroicardi,mauroicardi,"4,439,941",4.10%
Cande Molfese,https://instagram.com/candemolfese,candemolfese,"4,430,773",1.50%
Flor Vigna,https://instagram.com/florivigna,florivigna,"4,321,209",4.50%
Pampita,https://instagram.com/pampitaoficial,pampitaoficial,"3,857,280",2.30%
Laurita FernÃ¡ndez,https://instagram.com/holasoylaurita,holasoylaurita,"3,813,781",0.80%
Solci Perez  #lachicadelclima,https://instagram.com/lasobrideperez,lasobrideperez,"3,783,123",2.90%
LelÃ©,https://instagram.com/candelariatinelli,candelariatinelli,"3,749,992",1.90%
MirkoWiebe,https://instagram.com/mirko_ok,mirko_ok,"3,701,322",3.90%
Cinthia Fernandez,https://instagram.com/cinthia_fernandez_,cinthia_fernandez_,"3,686,769",0.80%
El Kilombo ğŸ‡¦ğŸ‡·,https://instagram.com/el_kilombo,el_kilombo,"3,613,762",2%
China Suarez ï¿½,https://instagram.com/sangrejaponesa,sangrejaponesa,"3,549,733",0.70%
Oriana Sabatini,https://instagram.com/orianasabatini,orianasabatini,"3,547,487",5.70%
Florencia PeÃ±a,https://instagram.com/flor_de_p,flor_de_p,"3,487,681",1.80%
JuliÃ¡n Serrano,https://instagram.com/julianserrano01,julianserrano01,"3,331,846",3.90%
Luisana Lopilato,https://instagram.com/luisanalopilato,luisanalopilato,"3,329,471",2%
Ezequiel Lavezzi,https://instagram.com/pocho22lavezzi,pocho22lavezzi,"3,314,217",1%
Gimena Accardi,https://instagram.com/gimeaccardi,gimeaccardi,"3,263,920",3.10%
Ana Jara,https://instagram.com/anajaramartinezok,anajaramartinezok,"3,250,812",4.80%
Lizy Tagliani,https://instagram.com/lizytagliani,lizytagliani,"3,202,651",0.60%
Malena Ratner,https://instagram.com/malenaratner,malenaratner,"3,191,320",3.70%
cartonero,https://instagram.com/flanchota,flanchota,"3,102,529",4.50%
ZAIRA,https://instagram.com/zaira.nara,zaira.nara,"3,092,517",1%
Paula,https://instagram.com/chavespauok,chavespauok,"3,052,705",0.90%
El Viejo Garca,https://instagram.com/elviejo_garca,elviejo_garca,"3,051,142",1.70%
Nicolas Vazquez ğŸ‡¦ğŸ‡·,https://instagram.com/nicovazquezok,nicovazquezok,"3,023,795",1.30%
Me Lo Dijo Un Forro ğŸ–•ğŸ¼,https://instagram.com/unforro_oficial,unforro_oficial,"3,000,516",1.30%
kevsho ğŸš€,https://instagram.com/kevsho9,kevsho9,"2,918,843",6.30%
AGUANTA!,https://instagram.com/aguantaok,aguantaok,"2,863,702",1.40%
Agustin Casanova,https://instagram.com/agustincasanova_,agustincasanova_,"2,773,593",3.20%
Katja Martinez,https://instagram.com/katumartinez,katumartinez,"2,760,529",2.10%
á´€É´É¢á´‡ÊŸá´€ ğŸ¦‹,https://instagram.com/angelitatorresok,angelitatorresok,"2,742,970",3.50%
eltrece,https://instagram.com/eltrecetv,eltrecetv,"2,626,628",0%
Barbie Pucheta #BARVELEZ,https://instagram.com/barbiepucheta,barbiepucheta,"2,487,707",1.60%
Juana,https://instagram.com/juanittinelli1,juanittinelli1,"2,387,922",14%
Â¡Nos gusta que seas parte!,https://instagram.com/capturebizarre,capturebizarre,"2,326,220",2.80%
Mica Suarez,https://instagram.com/micasuarez12,micasuarez12,"2,322,900",12.80%
Natalie Perez,https://instagram.com/untedetiloporfavor,untedetiloporfavor,"2,243,622",1%
ğŸ¬ Eva De Dominici,https://instagram.com/dedominicieva,dedominicieva,"2,240,549",3.40%
Sofi Morandi ğŸ­,https://instagram.com/sofimorandi,sofimorandi,"2,231,577",9.60%
Marcela Kloosterboer,https://instagram.com/m.klooster,m.klooster,"2,217,786",3.10%
Mariano,https://instagram.com/marianom78,marianom78,"2,197,734",1.10%
Lourdes Sanchez,https://instagram.com/lourdesanchezok,lourdesanchezok,"2,166,304",0.90%
Guillermina Valdes,https://instagram.com/guillevaldes1,guillevaldes1,"2,130,773",1.20%
Maria del Cerro,https://instagram.com/merydelcerrok,merydelcerrok,"2,125,670",1.40%
á«Uâ„’â„â„°á†á¯ ğŸ”º,https://instagram.com/julietanaircalvo,julietanaircalvo,"2,113,953",2.00%
Tipico de Argentinos,https://instagram.com/tipico_de_argentinos,tipico_de_argentinos,"2,092,102",1%
Charlotte Caniggia,https://instagram.com/chcaniggia,chcaniggia,"2,024,951",4.40%
Mariana Fabbiani,https://instagram.com/marianafabbiani,marianafabbiani,"2,022,820",0.40%
Micaela Lorena Viciconte,https://instagram.com/micaviciconte,micaviciconte,"1,969,704",1.50%
Juan Fernando Quintero,https://instagram.com/juanferquinterop,juanferquinterop,"1,952,450",8.50%
Angel De Brito,https://instagram.com/angeldebritooki,angeldebritooki,"1,928,346",0.40%
Isabel Macedo,https://instagram.com/isabelmacedophoto,isabelmacedophoto,"1,890,716",1.70%
AILÃ‰N Ğªechara,https://instagram.com/ailen_bechara,ailen_bechara,"1,889,825",1.10%
COSITO DE LA PIZZA,https://instagram.com/el_coso_de_la_pizza,el_coso_de_la_pizza,"1,880,497",1.40%
FrAnco,https://instagram.com/francomasini,francomasini,"1,879,285",2.90%
Pedro,https://instagram.com/pedroalfonsoo,pedroalfonsoo,"1,870,141",3.10%
celeste cid,https://instagram.com/mcelestia,mcelestia,"1,868,332",1.80%
NicolÃ¡s Occhiato,https://instagram.com/nicoocchiato,nicoocchiato,"1,865,882",2.70%
micaela tinelli,https://instagram.com/micatinelli,micatinelli,"1,846,140",1.50%
Jesica Cirio,https://instagram.com/jesicacirio,jesicacirio,"1,838,405",0.80%
Juan Martin del Potro,https://instagram.com/delpotrojuan,delpotrojuan,"1,827,592",6.90%
Griselda Siciliani,https://instagram.com/griseldasiciliani,griseldasiciliani,"1,816,774",1.10%
Marito Baracus,https://instagram.com/maritobaracus,maritobaracus,"1,753,892",5.30%
Federico Bal,https://instagram.com/balfederico,balfederico,"1,750,500",1.40%
ORO JOVEN,https://instagram.com/eckoyg,eckoyg,"1,690,853",11.70%
dario barassi,https://instagram.com/dariobarassi,dariobarassi,"1,670,278",0.90%
Nico Furtado,https://instagram.com/furtadonico,furtadonico,"1,667,254",12%
Daniela Viaggiamari (La Chepi),https://instagram.com/danilachepi,danilachepi,"1,663,642",5.40%
Mufi,https://instagram.com/mufalsa,mufalsa,"1,655,680",1.70%
Ivana Nadal,https://instagram.com/ivinadal,ivinadal,"1,631,746",1.30%
Rocio Guirao Diaz,https://instagram.com/rocioguiraodiaz,rocioguiraodiaz,"1,613,430",0.60%
Lucas Castel,https://instagram.com/lucascastelnuovo,lucascastelnuovo,"1,594,918",3.80%
Candela Ruggeri,https://instagram.com/caleruggeri,caleruggeri,"1,580,225",1%
Diego Pablo Simeone,https://instagram.com/simeone,simeone,"1,553,086",3.10%
EÍ™VÍ™AÍ™ AÍ™NÍ™DÍ™EÍ™RÍ™SÍ™OÍ™NÍ™,https://instagram.com/evangelinaanderson,evangelinaanderson,"1,536,249",2.70%
Gaston Soffritti,https://instagram.com/gsoffritti,gsoffritti,"1,506,760",1.80%
Barby Silenzi,https://instagram.com/barby_silenzi,barby_silenzi,"1,487,113",0.70%
*BELU LUCIUS*,https://instagram.com/belulucius,belulucius,"1,473,518",5.90%
Stefano De Gregorio,https://instagram.com/yeyitodegregorio,yeyitodegregorio,"1,462,056",4%
Maria Becerra,https://instagram.com/maria_becerra22,maria_becerra22,"1,455,011",15.30%
VL,https://instagram.com/verolozanovl,verolozanovl,"1,450,917",0.50%
Carla Peterson,https://instagram.com/petersoncarla,petersoncarla,"1,434,979",1.20%
Valen,https://instagram.com/valenmadanes,valenmadanes,"1,434,251",13.40%
Planeta Gol,https://instagram.com/planeta.gol,planeta.gol,"1,415,544",4.60%
Luciano Pereyra,https://instagram.com/lucianopereyraoficial,lucianopereyraoficial,"1,410,932",3.10%
Facundo GambandÃ©,https://instagram.com/facugamba,facugamba,"1,382,584",1%
Susana Gimenez,https://instagram.com/gimenezsuok,gimenezsuok,"1,380,395",4.20%
Candela Vetrano,https://instagram.com/candelivetrano,candelivetrano,"1,366,147",2.80%
Luciano Castro,https://instagram.com/castrolucianook,castrolucianook,"1,362,708",2.50%
Virginia Gallardo,https://instagram.com/virchugallardo,virchugallardo,"1,340,494",1.30%
Lena,https://instagram.com/malena.narvay,malena.narvay,"1,332,377",9.20%
Cristian Pavon,https://instagram.com/kichanpavon,kichanpavon,"1,332,248",14.60%
e m i l i a   a t t i a s,https://instagram.com/emilia_att,emilia_att,"1,322,237",1.60%
Rodrigo Guirao,https://instagram.com/rodrigoguirao,rodrigoguirao,"1,319,668",2.40%
Agustina Cherri,https://instagram.com/agustinacherriok,agustinacherriok,"1,312,725",2.10%
Luciana Salazar,https://instagram.com/salazarluli,salazarluli,"1,297,516",4.30%
Juliana Awada,https://instagram.com/juliana.awada,juliana.awada,"1,278,777",6.10%
NATI JOTA ğŸªğŸ¦„ğŸ¤·ğŸ¼â€â™€ï¸,https://instagram.com/natijota,natijota,"1,277,830",2.90%
AgustÃ­n AristarÃ¡n,https://instagram.com/soyradagast,soyradagast,"1,251,495",1.80%
Araceli Gonzalez,https://instagram.com/araceligonzalez67,araceligonzalez67,"1,246,885",0.70%
Jua Repetto,https://instagram.com/juanarepettook,juanarepettook,"1,222,142",2%
Leonardo Ponzio,https://instagram.com/leoponzio_ok,leoponzio_ok,"1,221,054",8.50%
MagalÃ­ Tajes,https://instagram.com/magalitajes,magalitajes,"1,216,965",7.20%
EL DEMENTE,https://instagram.com/dementeyt,dementeyt,"1,212,929",29.10%
Nazarena Velez,https://instagram.com/nazarenavelez,nazarenavelez,"1,189,446",0.50%
Nicole Neumann,https://instagram.com/nikitaneumannoficial,nikitaneumannoficial,"1,186,328",1.70%
Locos X el Asado,https://instagram.com/locosxelasado,locosxelasado,"1,182,101",1.10%
elchatoprada,https://instagram.com/elchatoprada,elchatoprada,"1,177,085",0.50%
EMILIA,https://instagram.com/emimernes,emimernes,"1,171,505",14.10%
Pablo Granados,https://instagram.com/pablo_grana,pablo_grana,"1,156,344",2%
Esteban Lamothe,https://instagram.com/estebanlamothe,estebanlamothe,"1,154,333",3.70%
Sofi Jujuy,https://instagram.com/sofijuok,sofijuok,"1,151,441",3.70%
S T E F  R O I T M A N ğŸ‡¦ğŸ‡·,https://instagram.com/stefroitman,stefroitman,"1,149,874",5%
pity martinez,https://instagram.com/pity_martinez,pity_martinez,"1,136,192",24.90%
Moria CasÃ¡n,https://instagram.com/moria_laone,moria_laone,"1,131,670",0.10%
Chapu Martinez,https://instagram.com/chapumartinez,chapumartinez,"1,128,771",5.70%
Rodrigo Mora,https://instagram.com/romoriita11,romoriita11,"1,123,296",8.50%
Juan Monaco,https://instagram.com/picomonaco,picomonaco,"1,108,985",2.30%
Migue Granados ğŸ¿,https://instagram.com/miguegrana,miguegrana,"1,098,843",1.80%
F L O R  B E R T O T T I ğŸª,https://instagram.com/florbertottiok,florbertottiok,"1,096,945",1.20%
á´„á´€ÊŸá´œá´œá´œá´œá´œ,https://instagram.com/lacalurivero,lacalurivero,"1,093,213",0.70%
Maru Botana,https://instagram.com/marubotanaok,marubotanaok,"1,092,896",1.10%
Alejandra  Maglietti,https://instagram.com/alemaglietti,alemaglietti,"1,092,004",1.40%
Benja Rojas,https://instagram.com/rojas_benja,rojas_benja,"1,088,166",3.80%
Gonzalo Goette,https://instagram.com/gonzalogoette,gonzalogoette,"1,087,890",8.60%
Gonzaa Fonseca,https://instagram.com/gonzaafonseca,gonzaafonseca,"1,087,041",8.70%
GastÃ³n Vietto,https://instagram.com/gasvietto6,gasvietto6,"1,084,882",3.10%
HUMOR PARA TODOS,https://instagram.com/argento_oficial,argento_oficial,"1,059,700",3.70%
Fer Vazquez,https://instagram.com/yfervazquez,yfervazquez,"1,059,145",3.50%
Sabrina Garciarena,https://instagram.com/sabrinagarciarena,sabrinagarciarena,"1,058,410",0.50%
Victorio DAlessandro,https://instagram.com/vicdalee,vicdalee,"1,055,082",3.30%
Delfina Chaves,https://instagram.com/delfichaves,delfichaves,"1,046,832",13.80%
AXEL,https://instagram.com/axeloficial,axeloficial,"1,045,013",1.10%
Lautaro Martinez,https://instagram.com/lautaromartinezz10,lautaromartinezz10,"1,043,669",15.10%
Jorge Rial,https://instagram.com/jrial,jrial,"1,037,204",0.50%
PATO â‘© â€ ,https://instagram.com/patoviral,patoviral,"1,033,282",11.20%
Lucas Lezin,https://instagram.com/lucaslezin,lucaslezin,"1,025,482",3.50%
Gregorio Rossello,https://instagram.com/gregorossello,gregorossello,"1,016,295",2.80%
Lic. EstefanÃ­a Beltrami ğŸ“ğŸğŸ,https://instagram.com/nutricion.salud.arg,nutricion.salud.arg,"994,136",1.10%
Mariano Bondar,https://instagram.com/mariano_bondar,mariano_bondar,"988,942",6.70%
Pedro Parnenzini ğŸ‘‚,https://instagram.com/pedritovm,pedritovm,"988,619",27.20%
#YVosTipo ğŸ‡¦ğŸ‡·,https://instagram.com/yvostipo,yvostipo,"980,119",2.10%
Abel Pintos,https://instagram.com/abelpintosoficial,abelpintosoficial,"974,181",4.20%
Mauricio Macri,https://instagram.com/mauriciomacri,mauriciomacri,"973,218",2.20%
Thelma Fardin,https://instagram.com/soythelmafardin,soythelmafardin,"962,233",1.90%
Franco Armani,https://instagram.com/francoarmani34,francoarmani34,"956,622",21.20%
â™¡ğŸ…œğŸ…ğŸ…¡ğŸ…” ğŸ…¡ğŸ…˜ğŸ…ğŸ…›â™¡,https://instagram.com/moreerial,moreerial,"947,467",1.40%
Violeta,https://instagram.com/violeurtizberea,violeurtizberea,"941,461",2.80%
Floppy Tesouro,https://instagram.com/floppytesouro,floppytesouro,"940,555",0.60%
Ignacio Scocco,https://instagram.com/nacho.scocco32,nacho.scocco32,"937,613",14.30%
AdriÃ¡n Suar,https://instagram.com/elchuecosuar,elchuecosuar,"931,424",0.40%
Goofy Gonzalez,https://instagram.com/goofygonzalez1,goofygonzalez1,"912,188",14.10%
Luli Fernandez,https://instagram.com/lulifernandezok,lulifernandezok,"905,802",1.90%
Gonza Gravano,https://instagram.com/gonzagravano,gonzagravano,"896,854",3.10%
Magui Bravi â–²,https://instagram.com/maggiebravi,maggiebravi,"893,017",1.10%
ALOHA,https://instagram.com/silvinalunaoficial,silvinalunaoficial,"890,233",0.70%
Driussi Sebastian âš½ï¸,https://instagram.com/sebadriussi.11,sebadriussi.11,"885,946",7.50%
Sabrina,https://instagram.com/rojassasi,rojassasi,"881,221",2%
Yani Latorre,https://instagram.com/yanilatorre,yanilatorre,"879,986",1.30%
ğŸŒŸBRENDA ASNICAR ğŸŒŸ,https://instagram.com/basnicar,basnicar,"878,098",4.20%
Mauro Caiazza,https://instagram.com/maurocaiazza,maurocaiazza,"874,530",7.10%
connie ansaldi,https://instagram.com/connieansaldi,connieansaldi,"873,141",1%
Brian sarmiento 22,https://instagram.com/brian_sarmiento22,brian_sarmiento22,"870,582",3.30%
Noelia Marzol,https://instagram.com/noeliamarzolok,noeliamarzolok,"869,181",2.20%
Yus Lopez,https://instagram.com/yuslopez,yuslopez,"865,593",5.40%
Eugenia Tobal,https://instagram.com/eugeniatobal,eugeniatobal,"863,863",2%
Chino Darin,https://instagram.com/chinodarin,chinodarin,"855,715",1.30%
Catherine Fulop,https://instagram.com/fulopcatherine,fulopcatherine,"848,251",1.80%
Silvina Escudero,https://instagram.com/escuderosilvina,escuderosilvina,"837,115",1.20%
Karina La Princesita ğŸ˜‚,https://instagram.com/kariprinceoficial,kariprinceoficial,"829,686",2.10%
Martin Perez Disalvo,https://instagram.com/martinpdisalvo,martinpdisalvo,"826,950",17.20%
Nahitan Nandez,https://instagram.com/nahitannandez25,nahitannandez25,"825,007",17.60%
Soledad FandiÃ±o,https://instagram.com/soledadfandino,soledadfandino,"823,870",3.20%
macarena rinaldi,https://instagram.com/macarinaldiok,macarinaldiok,"821,461",1%
Paula Amoedo,https://instagram.com/paula.amoedo,paula.amoedo,"817,231",2.50%
ROMINA MALASPINA ğŸ€ğŸ¦„ğŸ­ğŸŒ¸,https://instagram.com/romimalaspina,romimalaspina,"812,552",5.90%
Lucas Spadafora,https://instagram.com/lucasspadafora,lucasspadafora,"811,002",20.90%
Mati Napp,https://instagram.com/matiasnapp,matiasnapp,"810,988",1.70%
Ximena Capristo,https://instagram.com/ximecapristo,ximecapristo,"803,803",1.10%
Gonzalo Heredia.,https://instagram.com/gonzaloezequielheredia,gonzaloezequielheredia,"795,795",10.90%
Victoria Jesus Xipolitakis,https://instagram.com/victoriaxipolitakisok,victoriaxipolitakisok,"791,924",3.20%
Stephanie Demner,https://instagram.com/stephaniedemner,stephaniedemner,"788,844",7.10%
Cris Morena,https://instagram.com/bycrismorena,bycrismorena,"778,261",1.40%
R O C I O  R O B L E S,https://instagram.com/rocioroblesok,rocioroblesok,"776,429",1%
Mike Chouhy,https://instagram.com/mikechouhy,mikechouhy,"774,205",5%
Mati Kranevitter,https://instagram.com/mkranevitter5,mkranevitter5,"771,425",3.80%
Fabian Cubero,https://instagram.com/fabiancuberooficial,fabiancuberooficial,"769,792",1.70%
Natalia ğŸ‘¸ğŸ½ğŸ’š,https://instagram.com/natidellaschiava,natidellaschiava,"767,983",3.10%
Fede Hoppe,https://instagram.com/hoppefede,hoppefede,"765,816",1%
Nico Riera,https://instagram.com/nico__riera,nico__riera,"758,851",3.40%
ğŸ’ï¸Clowiiï¸ğŸŒï¸ï¸,https://instagram.com/cloegreco,cloegreco,"758,388",9.40%
Dario Orsi,https://instagram.com/darioorsi,darioorsi,"740,950",3.10%
Minerva,https://instagram.com/minerva.casero,minerva.casero,"738,049",4.20%
Humor ArgğŸ‘ğŸ™ˆ,https://instagram.com/humor.arg,humor.arg,"729,269",2.70%
Marcela Tauro,https://instagram.com/_marcelatauro,_marcelatauro,"723,176",0.60%
Alexander Caniggia,https://instagram.com/alexcaniggia,alexcaniggia,"721,801",
Ramiro Nayar,https://instagram.com/ramironayar,ramironayar,"718,165",1.70%
Adabel Guerrero,https://instagram.com/adabelguerrero,adabelguerrero,"717,849",1.40%
Juan Minujin,https://instagram.com/juanminujin,juanminujin,"717,068",2%
Wilmar Barrios,https://instagram.com/wilkpo,wilkpo,"714,725",6.20%
Lucas Alario,https://instagram.com/lucasalario,lucasalario,"707,126",7.10%
FLOR MOYANO,https://instagram.com/moyanoflor,moyanoflor,"707,094",4.40%
RepliK,https://instagram.com/manuelvainstein,manuelvainstein,"704,239",17.90%
Sofia Zamolo,https://instagram.com/sofiazamolo,sofiazamolo,"700,883",0.80%
Bianca Di Pasquale,https://instagram.com/biandipasquale,biandipasquale,"698,916",3.50%
Nacho Nayar,https://instagram.com/nachonayar,nachonayar,"696,199",1.20%
Joaquin Alvarez,https://instagram.com/polloalvarez,polloalvarez,"694,987",0.50%
Ricardo Adrian Centurion10,https://instagram.com/adrianricardo1993,adrianricardo1993,"692,757",4.30%
Ramon Abila,https://instagram.com/wanchope_abila9,wanchope_abila9,"688,719",9.80%
Olga Karina Jelinek,https://instagram.com/karijelinek,karijelinek,"679,921",1.10%
Chino Leunis,https://instagram.com/leandroleunis,leandroleunis,"677,064",1.30%
RENATO,https://instagram.com/tatoqd,tatoqd,"676,242",2.50%
Ê™Ê€á´‡É´á´…á´€ É¢á´€É´á´…ÉªÉ´Éª,https://instagram.com/brendagandiniok,brendagandiniok,"670,077",0.70%
Enzo Perez,https://instagram.com/enzonicolasperez35,enzonicolasperez35,"664,838",9.20%
Guido Kaczka,https://instagram.com/soyguidokaczka,soyguidokaczka,"659,940",5%
Andrea Rincon,https://instagram.com/andrearincon_top,andrearincon_top,"657,198",1%
AnDyğŸ™,https://instagram.com/andykusnetzoff,andykusnetzoff,"655,300",1.80%
QuedÃ© Para El Orto #QPO,https://instagram.com/quedeparaelorto,quedeparaelorto,"652,349",2.80%
Ori âš¡ï¸,https://instagram.com/oridemierda,oridemierda,"649,954",34.60%
Juan Guilera,https://instagram.com/guilera_juan,guilera_juan,"647,907",4%
Rodriguez&Galati,https://instagram.com/rodriguezgalati,rodriguezgalati,"645,123",8.70%
Estefi Berardi,https://instagram.com/estefaniaberardi,estefaniaberardi,"640,819",1.40%
AndrÃ©s NicolÃ¡s D'Alessandro,https://instagram.com/dale10,dale10,"640,287",4.20%
AndrÃ¨s Gil,https://instagram.com/andresgill,andresgill,"638,520",5%
Fer Callejon,https://instagram.com/fercallejon,fercallejon,"633,750",1%
BÃ¡rbara MartÃ­nez,https://instagram.com/barbarammzz,barbarammzz,"628,171",10.90%
Sebastian Pollo Vignolo,https://instagram.com/sebastianpollovignolo,sebastianpollovignolo,"626,342",1.90%
Fernando Gago,https://instagram.com/fergago5oficial,fergago5oficial,"625,921",10.30%
Federico Amador,https://instagram.com/federicoamador1,federicoamador1,"625,329",2.10%
Luz,https://instagram.com/cipriotaluz,cipriotaluz,"624,129",0.90%
Lic. Laura Romano,https://instagram.com/integralnutricion,integralnutricion,"618,827",1.60%
SASHA FERRO,https://instagram.com/sashaferro,sashaferro,"612,632",11.60%
Gabriel Lucero,https://instagram.com/gabrielhlucero,gabrielhlucero,"610,927",7.10%
Mica Vazquez,https://instagram.com/micavazquezok,micavazquezok,"609,191",1.60%
Tefi Russo,https://instagram.com/inutilisimas,inutilisimas,"607,371",2.40%
Pablo Martin Rodriguez,https://instagram.com/paiorod,paiorod,"606,544",2.10%
Celeste Muriega,https://instagram.com/celestemuriega,celestemuriega,"604,917",0.60%
Rocio Igarzabal,https://instagram.com/rochi_igarzabalok,rochi_igarzabalok,"602,167",2.30%
LaGiladaOk ğŸ‡¦ğŸ‡·,https://instagram.com/lagilada.ok,lagilada.ok,"597,213",3.30%
GermanPaoloski,https://instagram.com/germanpaoloski,germanpaoloski,"594,471",0%
Justina Bustos,https://instagram.com/justabustos,justabustos,"594,175",0.80%
Simpsons,https://instagram.com/reiteforro,reiteforro,"587,322",4.00%
Osvaldo Gross,https://instagram.com/osvaldo_gross,osvaldo_gross,"586,370",1.60%
Carolina Ibarra,https://instagram.com/caritoiba,caritoiba,"577,659",0.40%
Sergio Celli,https://instagram.com/cellisergio,cellisergio,"575,754",3.70%
NicolÃ¡s Magaldi,https://instagram.com/ngmagaldi,ngmagaldi,"572,902",2.20%
B E L Ãœ,https://instagram.com/belenegri,belenegri,"571,504",19.20%
Agustina Casanova,https://instagram.com/agucasanova,agucasanova,"566,813",1.80%
Lucas Velasco,https://instagram.com/lucasvelascook,lucasvelascook,"566,278",4.10%
Francis Mallmann,https://instagram.com/francismallmann,francismallmann,"564,524",2.70%
Francisco â™»ï¸,https://instagram.com/frantinelli1,frantinelli1,"564,096",1.10%
Jey Mammon,https://instagram.com/jeymammon,jeymammon,"562,838",0.30%
MarÃ­a Eugenia Vidal,https://instagram.com/mariuvidal,mariuvidal,"560,694",2.20%
Lola Moran,https://instagram.com/lolitamoran,lolitamoran,"557,440",3.60%
Agus Sierra- Actor,https://instagram.com/cachetesierra,cachetesierra,"545,784",3.40%
Emanuel Mammana,https://instagram.com/emanuel_mammana24,emanuel_mammana24,"543,041",1.80%
B E N J A M I N  A M A D E O ğŸ—£,https://instagram.com/benjamadeo,benjamadeo,"542,406",1.50%
Cristina FernÃ¡ndez de Kirchner,https://instagram.com/cristinafkirchner,cristinafkirchner,"541,715",11.50%
Pablo AgustÃ­n,https://instagram.com/pabloagustinnn,pabloagustinnn,"540,950",5.10%
Francisco Delgado,https://instagram.com/frandelgadooficial,frandelgadooficial,"533,844",0.70%
El Gordo Cocina,https://instagram.com/elgordococina,elgordococina,"529,945",0.90%
Mirtha Legrand,https://instagram.com/mirthalegrand,mirthalegrand,"525,225",0.30%
Juana Viale,https://instagram.com/juanavialeoficial,juanavialeoficial,"523,278",5%
Pablo Molinari,https://instagram.com/molinerd,molinerd,"523,048",4%
Soy Camila,https://instagram.com/imcamila7,imcamila7,"522,265",12.50%
Diego Torres,https://instagram.com/diegotorresmusica,diegotorresmusica,"521,777",1.10%
á´á´‡ÊŸ ÊŸá´‡á´¢á´„á´€É´á´,https://instagram.com/melchorlez,melchorlez,"520,902",2.20%
Mariela Anchipi,https://instagram.com/chipimariela,chipimariela,"518,281",0.60%
Santiago Ariel Griffo,https://instagram.com/tyago.oficial,tyago.oficial,"514,794",1.40%
Dalma Maradona,https://instagram.com/dalmaradona,dalmaradona,"513,997",1.30%
Madness Clothing,https://instagram.com/madness_clothing,madness_clothing,"507,085",0.90%
Nicolas Tagliafico,https://instagram.com/tagliafico3,tagliafico3,"502,119",13%
Fernando Cavenaghi,https://instagram.com/fercaveoficial,fercaveoficial,"499,554",2.60%
Leo montero,https://instagram.com/soyleomontero,soyleomontero,"494,161",0.60%
Valen Etchegoyen,https://instagram.com/valentinaetchegoyen,valentinaetchegoyen,"491,742",9%
J O A Q U Ã N  F E R R E I R A,https://instagram.com/soyjoaquinf,soyjoaquinf,"480,867",5.40%
Caro Domenech,https://instagram.com/domenechcaro,domenechcaro,"480,618",7.00%
Lizardo Ponce,https://instagram.com/lizardoponce,lizardoponce,"480,239",2.50%
Santi Bacigalup ğŸ¦Š,https://instagram.com/santibacigalup,santibacigalup,"479,715",12.20%
Meme Bouquet,https://instagram.com/memebouquet,memebouquet,"478,444",1.70%
NATI SAAL,https://instagram.com/natisaal,natisaal,"477,563",2.40%
Ailin Jeanney,https://instagram.com/ailujeanney,ailujeanney,"477,279",2.80%
soymaju,https://instagram.com/soymaju,soymaju,"474,919",1.20%
Rafael BorrÃ©ğŸ‡¨ğŸ‡´,https://instagram.com/rafaelsantosborre,rafaelsantosborre,"474,712",11.40%
Sofia Fernandez,https://instagram.com/sofiafernanndez,sofiafernanndez,"474,704",4.10%
Cucinare,https://instagram.com/cucinareok,cucinareok,"473,827",0.70%
Vanina Escudero,https://instagram.com/vaninaescudero,vaninaescudero,"472,990",1%
Santiago Ramundo,https://instagram.com/santiramundo,santiramundo,"470,408",4.00%
eleowexler,https://instagram.com/eleowexler,eleowexler,"469,184",2%
Anto Cavalieri,https://instagram.com/anto_cavalieri,anto_cavalieri,"462,415",6.00%
El Alesi,https://instagram.com/elalesicumbiaok,elalesicumbiaok,"460,005",2.90%
Belen Gimenez,https://instagram.com/belen_giimenez,belen_giimenez,"459,860",13.40%
Lucas Martinez Quarta,https://instagram.com/chinomartinezquarta96,chinomartinezquarta96,"455,377",12.70%
Nancy DuplÃ¡a,https://instagram.com/duplaa_nancyok,duplaa_nancyok,"453,850",7.90%
Camila Cavallo,https://instagram.com/camilacavallo,camilacavallo,"453,765",3.30%
Soledad Pastorutti,https://instagram.com/sole_pastorutti,sole_pastorutti,"452,478",4.20%
MÒ‰AÒ‰NÒ‰UÒ‰  VÒ‰IÒ‰AÒ‰LÒ‰EÒ‰,https://instagram.com/manuvialeok,manuvialeok,"451,954",1.70%
NicolÃ¡s de Tracy,https://instagram.com/nicolasdetracy,nicolasdetracy,"448,790",2.70%
nardalepes,https://instagram.com/nardalepes,nardalepes,"448,697",0.50%
Julio Buffarini,https://instagram.com/buffarini07,buffarini07,"442,863",6.80%
ğŸ”®ğŸŒŸğŸŒµ Connie Isla,https://instagram.com/coisla,coisla,"442,259",5.80%
Angie Landaburu,https://instagram.com/angelitalc,angelitalc,"441,195",1.80%
ï¼¬ï½•ï½‰ï½†ï½ ï¼§ï½ï½Œï½…ï½“ï½‰ï½,https://instagram.com/luifagalesio9,luifagalesio9,"437,364",2.10%
Emily Lucius,https://instagram.com/emilylucius,emilylucius,"432,818",4.90%
DELFI FERRARI,https://instagram.com/delfiferrari,delfiferrari,"431,004",3.50%
Nicolas Paladini,https://instagram.com/nicolas_paladini,nicolas_paladini,"430,926",1.90%
Javier Ortega Desio,https://instagram.com/javiortegadesio,javiortegadesio,"430,029",4.20%
Yami Safdie,https://instagram.com/yamisafdie,yamisafdie,"427,489",10.10%
SofÃ­a Sarkany,https://instagram.com/sofia.sarkany,sofia.sarkany,"425,937",0.30%
Malenita Guinzburg,https://instagram.com/mguinzburg,mguinzburg,"419,684",1%
Julieta Cardinali,https://instagram.com/julietacardinali,julietacardinali,"419,091",0.70%
Marty Dominguez,https://instagram.com/iammartyd,iammartyd,"417,349",10.60%
Paulina Cocina - Recetas y eso,https://instagram.com/paulinacocina,paulinacocina,"415,229",2.50%
Gabriela Sari,https://instagram.com/gabrielasari,gabrielasari,"414,697",2.50%
Deco Por Dos Mangos,https://instagram.com/decopordosmangos,decopordosmangos,"413,102",1.10%
Alexis Sanzi,https://instagram.com/aleesanzi,aleesanzi,"411,772",13.90%
Diego Ramos,https://instagram.com/diecramos,diecramos,"407,079",3.80%
B E N J A âš¡ï¸A L F O N S O,https://instagram.com/alfonsobenja,alfonsobenja,"404,556",3.20%
Juampi Gonzalezï¸ï¸ï¸,https://instagram.com/juampigon,juampigon,"404,060",4%
Tomas Oranges ğŸŠ,https://instagram.com/tomasoranges,tomasoranges,"403,623",1.00%
Ricardo Darin,https://instagram.com/ricardodarinok,ricardodarinok,"403,563",7.70%
Facundo,https://instagram.com/facundoaranatagle,facundoaranatagle,"401,946",1.80%
julio El Pitbull,https://instagram.com/juliopitbull,juliopitbull,"396,467",4%
Alina Moine,https://instagram.com/alinamoine09,alinamoine09,"395,793",3.30%
ğ™¶ğš„ğš‚ğšƒğ™°ğš…ğ™¾ ğ™²ğ™¾ğ™½ğšƒğ™¸,https://instagram.com/gusconti,gusconti,"392,457",1.40%
ludovico di santo,https://instagram.com/ludovicods,ludovicods,"387,354",2.20%
FUNES MORI OFICIAL,https://instagram.com/funesmoriofi,funesmoriofi,"385,865",7.40%
Maria Antonieta Boutique Â®,https://instagram.com/mariantonietaboutiqueok,mariantonietaboutiqueok,"385,509",0.40%
Agus Battioni,https://instagram.com/agusbattioni,agusbattioni,"385,095",8.30%
Santi Maratea,https://instagram.com/santimaratea,santimaratea,"384,563",4.60%
Costa,https://instagram.com/costaokis,costaokis,"379,044",1%
Ariel RodrÃ­guez Palacios,https://instagram.com/arielrodriguezpalacios,arielrodriguezpalacios,"378,854",0.90%
Gran Berta,https://instagram.com/granberta,granberta,"375,938",6.40%
SOL RIVAS,https://instagram.com/solcitorivas,solcitorivas,"370,727",7.40%
Santiago Giorgini,https://instagram.com/santigiorgini,santigiorgini,"369,847",1.70%
Denise Dumas,https://instagram.com/denise_dumas,denise_dumas,"368,967",1.40%
Coscu Army Oficial,https://instagram.com/coscuarmyoficial,coscuarmyoficial,"365,869",12.30%
Francisco Postiglione,https://instagram.com/frankkasterx,frankkasterx,"363,452",23.70%
Chantal Abad,https://instagram.com/chantalabad,chantalabad,"361,485",2.00%
ES FIESTAğŸ‰,https://instagram.com/sesalefuerte,sesalefuerte,"360,954",5.70%
ğŸ¦‹,https://instagram.com/belupouchan,belupouchan,"358,970",1%
Jenny Martinez,https://instagram.com/jennum94,jennum94,"354,404",1.00%
EL MENOR MAS MAYOR YOUNG BLOOD,https://instagram.com/luchossj,luchossj,"353,457",6.20%
TomÃ¡s Fonzi,https://instagram.com/fonzista,fonzista,"349,593",2.10%
Agustina KÃ¤mpfer,https://instagram.com/agustinakampfer,agustinakampfer,"348,643",1%
Joaquin Ochoa,https://instagram.com/ochoajoaquin,ochoajoaquin,"345,548",9.00%
Santiago Saez,https://instagram.com/santiagosaez_,santiagosaez_,"344,353",13.50%
Fran GÃ³mez,https://instagram.com/ffrangomez,ffrangomez,"342,289",10.80%
Juez Central,https://instagram.com/juezcentral,juezcentral,"340,733",8.10%
Laura Esquivel,https://instagram.com/laura_esquivel,laura_esquivel,"339,241",3.40%
SofÃ­a Von Wernich,https://instagram.com/chulevonwernich,chulevonwernich,"338,953",2.50%
Donato De Santis,https://instagram.com/donatodesantis,donatodesantis,"338,860",0.60%
Dolores Fonzi,https://instagram.com/lolafonca,lolafonca,"336,986",2.80%
ğŸ…œğŸ…ğŸ…ğŸ…¤ ğŸ…ŸğŸ…ğŸ…›,https://instagram.com/manu.pal,manu.pal,"332,357",1.40%
Delfina Roig,https://instagram.com/delfinaroig,delfinaroig,"331,479",6.90%
brisa,https://instagram.com/brichudominguez_,brichudominguez_,"330,489",16.10%
Diego Schwartzman,https://instagram.com/dieschwartzman,dieschwartzman,"329,681",7.70%
Nazareno Casero,https://instagram.com/caseronazareno,caseronazareno,"329,277",3.50%
Hecatombe! Producciones Â®,https://instagram.com/hecatombeok,hecatombeok,"329,158",6.80%
Marcos Cabrera,https://instagram.com/marcoscabrera13,marcoscabrera13,"325,028",2.50%
EAT CLEAN ğŸ,https://instagram.com/eatcleanok,eatcleanok,"321,887",0.70%
Valentina,https://instagram.com/valentinaolguin_,valentinaolguin_,"321,362",8.90%
Sebastian PÃ©rez Cardona,https://instagram.com/perezsebastian14,perezsebastian14,"319,230",4.90%
Zara Addiction Argentina,https://instagram.com/zaraaddictionargentina,zaraaddictionargentina,"313,593",0.80%
Ignacio Saralegui,https://instagram.com/nachitosaralegui,nachitosaralegui,"313,464",11.20%
Nazareno Mottola,https://instagram.com/nazarenomottola,nazarenomottola,"313,322",1.50%
Pia Shawâ£â˜ºï¸,https://instagram.com/piashaw,piashaw,"310,573",0.40%
Romina Gaetani,https://instagram.com/rominagaetani,rominagaetani,"307,991",0.30%
Dolores Gortari,https://instagram.com/loligortari,loligortari,"307,162",7.90%
Quechuchomanucho,https://instagram.com/quechuchomanucho,quechuchomanucho,"306,352",3.70%
Julieta Prandi,https://instagram.com/jprandi,jprandi,"303,620",1.60%
VÎ±â„“Ñ”Ğ¸Ñ‚Î¹Ğ¸Î± RÎ±Ğ¼Î±â„“â„“Ïƒ,https://instagram.com/valuramallo,valuramallo,"302,732",2.00%
Guille Sara,https://instagram.com/guillesara,guillesara,"301,780",6.90%
Gabo Usandivaras,https://instagram.com/gabousandivaras,gabousandivaras,"300,086",1%
Jordan Elias,https://instagram.com/jordiielias,jordiielias,"297,652",8.00%
eva bargiela,https://instagram.com/evabargiela,evabargiela,"294,711",2.30%
á´á´‡ÊŸÉªÉ´á´€ á´˜Éªá´›Ê€á´€,https://instagram.com/melinapitra,melinapitra,"294,703",0.60%
Reina Reech,https://instagram.com/reynareechok,reynareechok,"294,043",0.80%
Tiziana Sabatini,https://instagram.com/tizianasabatinif,tizianasabatinif,"292,684",10%
Ò“á´‡á´…á´‡Ê€Éªá´„á´ á´á´ÊŸÉªÉ´á´€Ê€Éª,https://instagram.com/fdmolinari,fdmolinari,"290,273",1.00%
Tini,https://instagram.com/tini_dominguez,tini_dominguez,"286,340",10.50%
JÍ™UÍ™LÍ™I BÍ™AÍ™RÍ™TÍ™OÍ™LÍ™OÍ™MÍ™EÍ™,https://instagram.com/julibartolome,julibartolome,"286,142",2.20%
MALA PELUQUERIA,https://instagram.com/malapeluqueria,malapeluqueria,"285,060",0.10%
Agustina Papry SuÃ¡squita,https://instagram.com/paprykaok,paprykaok,"284,397",5.30%
Alejandro Fantino,https://instagram.com/fantinofantino,fantinofantino,"283,671",0.40%
Dustin Luke,https://instagram.com/thedustinluke,thedustinluke,"281,301",3%
Valeria Mazza,https://instagram.com/valeriamazzaok,valeriamazzaok,"280,359",1.50%
Martina Saravia,https://instagram.com/tupisaravia,tupisaravia,"278,398",6.50%
THB by Flor FernÃ¡ndez,https://instagram.com/thehealthyblogger,thehealthyblogger,"278,093",1%
Florencia Raggi,https://instagram.com/florraggi,florraggi,"274,811",0.90%
mami.albaÃ±il,https://instagram.com/mami.albanil,mami.albanil,"274,540",1.50%
Fernando Burlando,https://instagram.com/burlandofernando,burlandofernando,"274,117",1.30%
Lucia Celasco,https://instagram.com/lucia_celasco,lucia_celasco,"271,650",3.80%
Mili Masini,https://instagram.com/milimasini,milimasini,"271,299",5.30%
Santi Talledo,https://instagram.com/santitalledo,santitalledo,"269,901",2.10%
Meri Deal,https://instagram.com/merideal,merideal,"269,242",5.60%
#SerUniversitario,https://instagram.com/seruniversitario,seruniversitario,"268,912",8.10%
MeryğŸ¦‹,https://instagram.com/merygranados,merygranados,"267,745",2.70%
Maria Sol,https://instagram.com/mariasolmessi,mariasolmessi,"267,681",3.70%
Camilo Mayada,https://instagram.com/camimayada,camimayada,"266,558",12%
Julianeroâš¡ï¸,https://instagram.com/julianerosoy,julianerosoy,"264,385",5.00%
Fede Chuch,https://instagram.com/fedechuch,fedechuch,"264,024",4.80%
Augusto Batalla,https://instagram.com/abatallaok,abatallaok,"263,434",7.10%
Juliana Lopez May,https://instagram.com/julianalopezmay,julianalopezmay,"261,279",1.30%
Tomboy,https://instagram.com/aixagroetzner,aixagroetzner,"258,536",16.80%
Î½Î±â„“Ñ”Ğ¸Ñ‚Î¹Ğ¸Î± Ñ•Î±â„“Ñ”zzÎ¹,https://instagram.com/valentinasalezzi,valentinasalezzi,"257,389",2.60%
Sofia Sanchez de Betak,https://instagram.com/chufy,chufy,"255,023",2.20%
"Deco, Hogar y Cosas Lindas",https://instagram.com/decolookbook,decolookbook,"254,653",0.80%
Naty Franzoni,https://instagram.com/natyfranz,natyfranz,"252,434",1.50%
Jorge Luengo,https://instagram.com/negroluengo,negroluengo,"252,336",1.30%
Visit Argentina,https://instagram.com/visitargentina,visitargentina,"250,665",1.60%
El Pepo,https://instagram.com/pepo_cumbia_peposa,pepo_cumbia_peposa,"248,935",0.60%
KilomboFACK ğŸ‡¦ğŸ‡·,https://instagram.com/el_kilombofack,el_kilombofack,"244,794",9.30%
Panam Oficial,https://instagram.com/yosoypanam,yosoypanam,"243,953",2.20%
Dolly MonclÃ¡.-,https://instagram.com/foxdecoblog,foxdecoblog,"243,940",0.80%
Agustin Reyero,https://instagram.com/agusreyero1,agusreyero1,"240,537",5.10%
Angie Balbiani,https://instagram.com/angelesbalbiani,angelesbalbiani,"239,980",1.20%
NICOLE LUIS,https://instagram.com/nickiluis,nickiluis,"239,917",3.60%
Vane Butera,https://instagram.com/vane_butera,vane_butera,"239,796",0.60%
Barbie Simons,https://instagram.com/barbiesimonsok,barbiesimonsok,"235,904",0%
Florencia Otero,https://instagram.com/flootero,flootero,"235,234",3.00%
Violeta,https://instagram.com/viole_narvay,viole_narvay,"235,119",19.10%
Julieta Ortega ğŸŒ»,https://instagram.com/petitjotao,petitjotao,"234,804",1%
Pame Stupia,https://instagram.com/fdoficial,fdoficial,"233,446",4.80%
NÍ™AÍ™IÍ™ AÍ™WÍ™AÍ™DÍ™A,https://instagram.com/naiawada,naiawada,"232,366",0.80%
Michu,https://instagram.com/miamartinez99,miamartinez99,"231,949",8%
Jorgito Moliniers,https://instagram.com/jorgitomoliniers,jorgitomoliniers,"229,365",1.80%
Diego Latorre,https://instagram.com/dflatorre,dflatorre,"228,978",2.90%
FLOR TORRENTE,https://instagram.com/ftorrente,ftorrente,"228,829",1.10%
Emmanuel Mas,https://instagram.com/emmamasok,emmamasok,"226,491",8.90%
sebastianortega1,https://instagram.com/sebastianortega1,sebastianortega1,"225,566",5.80%
Cristina Perez,https://instagram.com/cris_noticias,cris_noticias,"224,686",0.50%
Agustina D'Andraia,https://instagram.com/agusdandri,agusdandri,"223,883",0.90%
Daniela Aita,https://instagram.com/dakyta_,dakyta_,"223,836",1.70%
Laurita Laprida,https://instagram.com/lulilapri,lulilapri,"223,684",2.90%
Maria Vazquez,https://instagram.com/mariavqz1,mariavqz1,"223,013",1.50%
Coty Crotto & Maru GÃ¡ndara ğŸ’â¤ï¸,https://instagram.com/muymona,muymona,"220,735",1.50%
Las Pochis,https://instagram.com/laspochisok,laspochisok,"220,062",1.30%
Lucha,https://instagram.com/aymarlucha,aymarlucha,"219,491",2.40%
Felipe Colombo,https://instagram.com/felipecolombook,felipecolombook,"218,733",0.70%
Paula Kohan,https://instagram.com/paulakohan,paulakohan,"217,165",0.90%
Ñ‚ o Ğ¼ Ä± ğŸ‘‘,https://instagram.com/tomiandrade8,tomiandrade8,"216,673",12.90%
Dolores Barreiro,https://instagram.com/dolibar,dolibar,"215,661",1.70%
Gonzalo Maroni,https://instagram.com/gonmaroni,gonmaroni,"214,690",16.10%
ximena_saenz,https://instagram.com/ximena_saenz,ximena_saenz,"212,344",1.70%
Dali Martinelli,https://instagram.com/dalimartinelli,dalimartinelli,"210,922",1.60%
Mina Bonino,https://instagram.com/minabonino,minabonino,"210,423",4.20%
Flor Ventura,https://instagram.com/florventuraok,florventuraok,"209,549",1.90%
Lola Latorre,https://instagram.com/lolitalatorre,lolitalatorre,"203,726",8.10%
á´€ É¢ á´œ s á´› Éª É´ á´€  á´„ á´ Ê€ á´… á´ á´  á´€,https://instagram.com/agustinacordova,agustinacordova,"202,350",1.40%
Meli Garat,https://instagram.com/meligarat,meligarat,"200,199",4.20%
Anita Gonzalez,https://instagram.com/anitagonzalezg,anitagonzalezg,"199,742",1.30%
LAS PEPAS Â® â£,https://instagram.com/laspepasinst,laspepasinst,"199,695",0.20%
P I L A R ÏƒfÎ¹Â¢Î¹Î±â„“ ğŸŒ¹,https://instagram.com/pimujica,pimujica,"198,199",10.20%
Agus Albertario,https://instagram.com/agusalbertario,agusalbertario,"198,023",8.70%
Ariel Mauricio Rojas,https://instagram.com/arichinorojasok,arichinorojasok,"197,237",5.90%
DÄªEâ‚²Ã˜Ä¿EUâ‚µÃ˜ ğŸ‘ŠğŸ¼âš¡,https://instagram.com/dieleuco,dieleuco,"196,473",2.50%
Matilda Blanco,https://instagram.com/matildablanco,matildablanco,"196,028",2%
Manuela Lorenzo,https://instagram.com/come.consciente,come.consciente,"195,641",1.00%
valentin grimaldi,https://instagram.com/cookgrimaldi,cookgrimaldi,"195,158",1.40%
cocinarencasa,https://instagram.com/cocinarencasa,cocinarencasa,"194,904",1.40%
Nico SÃ¡nchez,https://instagram.com/nicofsanchezz,nicofsanchezz,"191,451",6.10%
La Planchetta,https://instagram.com/la_planchetta,la_planchetta,"190,675",0.60%
Christophe Krywonis,https://instagram.com/mundochristophe,mundochristophe,"189,512",0.90%
Ignacio Viale,https://instagram.com/viale.nacho,viale.nacho,"188,833",1%
Agustin Creevy,https://instagram.com/agustincreevy,agustincreevy,"188,612",6%
latoscano1ra Actriz.,https://instagram.com/latoscano1ra,latoscano1ra,"186,857",0.40%
PIA,https://instagram.com/piaslapka,piaslapka,"186,251",1.70%
Candela Sanchez Fourgeaux,https://instagram.com/candelasanchezf,candelasanchezf,"185,663",2.30%
Marcelo Benedetto,https://instagram.com/m_benedetto,m_benedetto,"183,194",2.40%
Mish Knowles,https://instagram.com/mishkease,mishkease,"183,044",1.90%
Marcos Di Palma Oficial,https://instagram.com/marcosdipalmaoficial,marcosdipalmaoficial,"182,117",4.20%
Mauricio Asta,https://instagram.com/mauricioasta,mauricioasta,"179,866",1%
Leandro Cristobal,https://instagram.com/lelecristobal,lelecristobal,"177,098",2.80%
"Cocina fÃ¡cil, sana y prÃ¡ctica",https://instagram.com/unblogderecetas,unblogderecetas,"176,415",1.20%
- JULI JANKU -,https://instagram.com/julijankunas,julijankunas,"175,843",19%
ï¼¢ï½ï½’ï½‚ï½ï½’ï½  ï¼°ï½…ï½’ï½…ï½š,https://instagram.com/barbaraperezw,barbaraperezw,"175,389",5.90%
Javier Pinola,https://instagram.com/javierpinola25,javierpinola25,"172,103",8.80%
Bruno Zuculini,https://instagram.com/brunozuculini5,brunozuculini5,"171,895",10.70%
Cristian Urrizaga,https://instagram.com/cristianurrizaga,cristianurrizaga,"171,663",6.60%
Judi Kovalovsky,https://instagram.com/judikova,judikova,"171,495",0.40%
Duval Goltz,https://instagram.com/duvalgoltz,duvalgoltz,"169,208",8.10%
Majo Granatto,https://instagram.com/majogranatto,majogranatto,"167,641",11.20%
Juan Marconi,https://instagram.com/marconijuan,marconijuan,"166,585",2.90%
Ronnie Arias,https://instagram.com/ronaldo1ro,ronaldo1ro,"165,517",1.60%
Sofia Pachano,https://instagram.com/sofipachano,sofipachano,"164,315",1.60%
Mario Pergolini,https://instagram.com/mpergoliniok,mpergoliniok,"161,281",2.40%
â€¢ A M I R A â€¢,https://instagram.com/amirachediak,amirachediak,"158,818",8.20%
Paula Pareto,https://instagram.com/paupareto,paupareto,"157,021",2.60%
TÍŸIÍŸTÍŸIÍŸ VÍŸAÍŸZÍŸQÍŸUÍŸEÍŸZÍŸ,https://instagram.com/titinavaz,titinavaz,"155,729",1.40%
EL CIRCULO,https://instagram.com/elcirculo_ok,elcirculo_ok,"155,584",6.50%
Basta De Todo,https://instagram.com/bastatodo,bastatodo,"155,396",0.70%
Tomy Rojasâš¡ï¸,https://instagram.com/tomas.rojass,tomas.rojass,"155,056",8.70%
GZ,https://instagram.com/gonzovizan,gonzovizan,"154,780",1.40%
Comer Sano es Facil,https://instagram.com/mamasanablog,mamasanablog,"152,390",0.80%
Marcelo Saracchi,https://instagram.com/cheloosaracchi,cheloosaracchi,"151,259",7.50%
Ignacio Figueras,https://instagram.com/nachofigueras,nachofigueras,"150,559",1.80%
Gabriel Machado,https://instagram.com/machadito1,machadito1,"150,509",0.50%
Sol Gaschetto,https://instagram.com/solgaschetto,solgaschetto,"150,484",4.40%
Felicitas Pizarro,https://instagram.com/felipizarro,felipizarro,"150,105",2.40%
A n d r e a  B u r s t e n,https://instagram.com/andybursten,andybursten,"149,695",3.70%
Srta.Bimbo,https://instagram.com/srtabimbo,srtabimbo,"149,276",2.40%
Being Healthyâ¤ï¸ğŸ¥‘,https://instagram.com/being.healthyy,being.healthyy,"149,168",0.70%
Matias Portillo,https://instagram.com/matiporti,matiporti,"149,122",1.40%
Chris Petersen,https://instagram.com/cmppetersen,cmppetersen,"148,382",3%
german tripel,https://instagram.com/tripa_german,tripa_german,"147,384",2.00%
Charly Alberti,https://instagram.com/charlyalberti,charlyalberti,"145,977",0.80%
Agustin Sullivan,https://instagram.com/agustin_sullivan,agustin_sullivan,"143,696",3.70%
Decoracion - Lifestyle,https://instagram.com/mercado_decoracion,mercado_decoracion,"142,278",1.30%
Nico Lorenzon,https://instagram.com/nlorenzon,nlorenzon,"141,838",13.90%
Flavia A Palmiero,https://instagram.com/flapalmiero,flapalmiero,"140,860",0.004
Diego Ramos,https://instagram.com/diegocesaramos,diegocesaramos,"139,783",
joe,https://instagram.com/chatrucjose2,chatrucjose2,"138,992",1.00%
Julieta Rochinas,https://instagram.com/greencook,greencook,"138,795",0.50%
Florencia Dafne Raele,https://instagram.com/beautyfreak.room,beautyfreak.room,"138,766",1%
MartÃ­n Garabal,https://instagram.com/martingarabal,martingarabal,"137,883",6.10%
Jonas Gutierrez,https://instagram.com/galgojonas,galgojonas,"137,406",4.00%
Carlitos Auzqui,https://instagram.com/auzqui91,auzqui91,"137,064",3.80%
JUANA Rodriguez AbadÃ­e ğŸ‡¦ğŸ‡·,https://instagram.com/juarodriguez,juarodriguez,"135,134",3%
Pedro Lambertini,https://instagram.com/pedrolambertini,pedrolambertini,"134,513",2.60%
Dolli Irigoyen,https://instagram.com/dolliirigoyen,dolliirigoyen,"133,599",1.90%
Ö Õ´ Ã­ Ó Ó Ò½ É¾ Ê Õµ Õ² É‘,https://instagram.com/guillecamicha,guillecamicha,"130,599",26.60%
NicolÃ¡s Cayetano,https://instagram.com/nicocayeta,nicocayeta,"129,525",1.70%
Facundo Ambrosioni,https://instagram.com/facuambrosioniok,facuambrosioniok,"129,458",5%
MUYLIEBRE,https://instagram.com/muyliebre,muyliebre,"129,395",3.80%
TROK,https://instagram.com/ftrocca,ftrocca,"129,203",1%
Karina Gao,https://instagram.com/monpetitglouton,monpetitglouton,"128,518",1.50%
Te Lo Dije Nena,https://instagram.com/telodijenena,telodijenena,"127,797",0.70%
Clota,https://instagram.com/clotadecoblog,clotadecoblog,"127,225",0.70%
soloparami,https://instagram.com/soloparami,soloparami,"126,794",1.40%
Elle ğŸš€,https://instagram.com/palmaagustina,palmaagustina,"126,661",5.30%
FABIAN,https://instagram.com/medinaflores,medinaflores,"126,185",0.30%
Guido Pella,https://instagram.com/guido_pella,guido_pella,"125,609",19.80%
Estefi Colombo,https://instagram.com/esteficolombo,esteficolombo,"125,449",2.40%
ğŸ…ğŸ…–ğŸ…¤ğŸ…¢  ğŸ…¡ğŸ…ğŸ…œğŸ…ğŸ…¢ ğŸ…œğŸ…”ğŸ…™ğŸ…˜ğŸ…ğŸ¦„,https://instagram.com/look_connected,look_connected,"124,854",1.40%
Roxy Vazquez,https://instagram.com/roxyvazquezok,roxyvazquezok,"123,768",4.30%
Mauro Colagreco,https://instagram.com/maurocolagreco,maurocolagreco,"123,442",3%
Carina Michelli.Lifestyle.Deco,https://instagram.com/carina.michelli,carina.michelli,"123,246",1.00%
Juan Manuel Urtubey,https://instagram.com/urtubeyjm,urtubeyjm,"120,861",0.50%
Alexis Moyano,https://instagram.com/_alexismoyano,_alexismoyano,"120,700",16.50%
Ale Sanzi,https://instagram.com/aleesanzi2,aleesanzi2,"120,455",14.40%
Tucu LÃ³pez,https://instagram.com/tuculopez,tuculopez,"120,308",5%
Facundo Roncaglia,https://instagram.com/facuroncaglia10,facuroncaglia10,"119,310",2.00%
Pau Kerikian,https://instagram.com/goclean.now,goclean.now,"118,907",1.90%
Pablo Massey,https://instagram.com/pablomassey,pablomassey,"118,856",1.10%
â€¢ M A R T A â€¢,https://instagram.com/martaminujin,martaminujin,"118,836",1.20%
Lic ğŸ‘‰  @sofideelias.ar,https://instagram.com/sofi.deli,sofi.deli,"118,772",1.40%
Dan Breitman,https://instagram.com/danbreitmanok,danbreitmanok,"118,391",1.90%
ğŸŒ¹VICTORIAğŸŒ¹,https://instagram.com/vic_saravia,vic_saravia,"118,081",1.90%
Juan Ignacio Chela ğŸ¾,https://instagram.com/juanichela,juanichela,"117,921",3.40%
#LOOKEA,https://instagram.com/lookea.me,lookea.me,"117,421",1.20%
Virginia Da Cunha,https://instagram.com/virginiadacunha,virginiadacunha,"117,266",0.60%
Paz cornu,https://instagram.com/pazcornuok,pazcornuok,"116,078",0.70%
á´á´œÉ´Éª,https://instagram.com/soymuni,soymuni,"116,009",2%
âš¡ï¸Jua Repetto âš¡ï¸Vicky Gils,https://instagram.com/mammaminas,mammaminas,"115,466",2.00%
ï¼« ï¼¡ ï¼¨ ï¼¬ Ã‰,https://instagram.com/kahlemakeup,kahlemakeup,"115,174",1%
Julieta Pink,https://instagram.com/pinkjulieta,pinkjulieta,"114,896",1.00%
A n i t a   T h o m a s,https://instagram.com/anitathomasph,anitathomasph,"114,172",3.10%
Natalia Simon,https://instagram.com/nataliaasimon,nataliaasimon,"113,314",3.10%
PasiÃ³n ChicÂ®,https://instagram.com/pasion.chic,pasion.chic,"113,244",0.30%
AgustÃ­n Canapino ğŸ‡¦ğŸ‡·,https://instagram.com/agustincanapino,agustincanapino,"113,074",3.30%
Martin Souto,https://instagram.com/soutomartinoficial,soutomartinoficial,"113,047",2.30%
Fernando Gonzalez,https://instagram.com/fergonzalezel,fergonzalezel,"111,951",1.80%
Triana Angelina,https://instagram.com/serfitnessoficial,serfitnessoficial,"111,512",0.60%
paula montenegro,https://instagram.com/paulampics,paulampics,"110,004",1.40%
Abril Sanchez,https://instagram.com/abrilsanchez1,abrilsanchez1,"109,788",4%
Juan MartÃ­n HernÃ¡ndez,https://instagram.com/juanmh7,juanmh7,"109,770",4.00%
Maximiliano Van Oyen,https://instagram.com/cookvanoyen,cookvanoyen,"109,493",2%
Rodolfo Aquiles Pirovano,https://instagram.com/rpirovano,rpirovano,"108,822",5.00%
LoMakeUpÂ® by Lorena Rincon,https://instagram.com/lomakeup,lomakeup,"108,461",0.50%
ROMINA GIARDINA,https://instagram.com/momigiardina,momigiardina,"108,424",3.30%
Deborah de Corral,https://instagram.com/deborahdecorral,deborahdecorral,"108,319",2%
Mariela FernÃ¡ndez,https://instagram.com/marufernandez_,marufernandez_,"108,318",2.00%
Angie Cadenas,https://instagram.com/angiecadenas,angiecadenas,"108,012",3.70%
The Organization Wiz Â®,https://instagram.com/theorganizationwiz,theorganizationwiz,"105,676",0.90%
Valentina,https://instagram.com/valenmartinezf,valenmartinezf,"104,309",15.20%
Juan Manuel Herrera,https://instagram.com/juanmanuelherrera1,juanmanuelherrera1,"104,192",4.70%
â­ï¸Ana-LucÃ­a Blaksleyâ­ï¸,https://instagram.com/siempreluli,siempreluli,"103,673",4.30%
Flor Pereira,https://instagram.com/flopereira,flopereira,"103,605",0.80%
Â¿Y ahora que me pongo?Â®,https://instagram.com/yahoraquemepongo,yahoraquemepongo,"102,508",0.60%
Roberto Petersen,https://instagram.com/robertopetersen_,robertopetersen_,"101,781",2.90%
Sabrina Onorato ğŸ‡¦ğŸ‡· ğŸ‡®ğŸ‡¹,https://instagram.com/sabrina.recetas,sabrina.recetas,"100,841",1.90%
Juan AndrÃ©s Ferrara,https://instagram.com/juanferraracocina,juanferraracocina,"98,659",1.20%
Ceci Saia âœˆï¸,https://instagram.com/cecisaia,cecisaia,"96,886",5.10%
Maria Pilar Campoy,https://instagram.com/pilucampoy,pilucampoy,"96,647",3%
Edith Hermida,https://instagram.com/edithhermida,edithhermida,"96,469",2.00%
COMPAÃ‘ÃA BOTÃNICAÂ®,https://instagram.com/ciabotanica,ciabotanica,"96,421",1.20%
Damian De Santo,https://instagram.com/soy_desantodd,soy_desantodd,"95,501",2.30%
M a r i  n a   S e Ã± u k ğŸŒŸ,https://instagram.com/marinasenuk,marinasenuk,"95,449",2.40%
Marou Rivero,https://instagram.com/marourivero,marourivero,"95,446",0.90%
Jimena La Torre,https://instagram.com/jimena_la_torre,jimena_la_torre,"95,138",0.40%
Soy Un Mix,https://instagram.com/soyunmix,soyunmix,"94,930",3.40%
Aquiles Pirovano,https://instagram.com/jacktheartist,jacktheartist,"93,735",4.90%
Manu DuraÃ±ona,https://instagram.com/manuduranona,manuduranona,"93,502",0.70%
Martin Piroyansky,https://instagram.com/martinpiro,martinpiro,"93,483",4%
oli grunewald âœ¨,https://instagram.com/oliviawald_,oliviawald_,"92,602",6.10%
Agustina Marzari Bobbio,https://instagram.com/imqueena_,imqueena_,"92,570",2.40%
Gonza,https://instagram.com/gonzalo_gerber,gonzalo_gerber,"92,563",7.20%
Joaquin Tuculet,https://instagram.com/joacotuculet,joacotuculet,"92,243",8%
Karina Mazzocco,https://instagram.com/karinamazzocco,karinamazzocco,"92,235",1.50%
Pancha â¤ï¸,https://instagram.com/franchubavio,franchubavio,"91,838",6.70%
PARRILLEROSÂ® webserie,https://instagram.com/parrillerosss,parrillerosss,"90,973",1.20%
Carla Conte,https://instagram.com/negraconte,negraconte,"90,299",2%
Viajeros De Buenos Aires,https://instagram.com/argentinayelmundo,argentinayelmundo,"89,226",2.90%
lulubiaus,https://instagram.com/lulubiaus,lulubiaus,"89,180",0.50%
Andrea,https://instagram.com/estevezandrea,estevezandrea,"88,913",0.40%
Asadores Argentinos,https://instagram.com/asadoresargentinos,asadoresargentinos,"88,792",2.50%
Æ¤á—›á—·Ä¹ÆŸ,https://instagram.com/pablomatera,pablomatera,"88,704",6.50%
Jessica Lekerman,https://instagram.com/jessicalekerman,jessicalekerman,"87,672",0.80%
Santi Cordero,https://instagram.com/santi_cordero,santi_cordero,"87,100",7.60%
Alan Disavia,https://instagram.com/alandisavia,alandisavia,"86,022",3.60%
Daniel Arcucci,https://instagram.com/daniarcucci,daniarcucci,"85,896",0.60%
Anita,https://instagram.com/anitammoran,anitammoran,"85,047",11.80%
Josefina Alvarez Castillo,https://instagram.com/shelterfordragons,shelterfordragons,"84,576",1.10%
TRICOCO,https://instagram.com/tricocoblog,tricocoblog,"84,480",3.80%
á´„á´€Ê€á´ÊŸÉªÉ´á´€ á´ÊŸá´›Ê€á´€,https://instagram.com/caro_oltra,caro_oltra,"84,479",1.20%
Matias Rossi,https://instagram.com/misil1misil,misil1misil,"83,550",6.60%
Carmen Barbieri,https://instagram.com/barbieri_carmen,barbieri_carmen,"82,284",2.10%
Aggy Ferrari,https://instagram.com/aggyferrari,aggyferrari,"82,209",1.50%
Jazmin Stuart,https://instagram.com/soyjazminstuart,soyjazminstuart,"81,667",1.10%
Marcelo Sottile,https://instagram.com/cholosottile,cholosottile,"81,439",1%
AgusâœŒğŸ¼,https://instagram.com/agustinadibenedetto,agustinadibenedetto,"80,896",4%
Cin Hutchinson,https://instagram.com/queestendencia,queestendencia,"80,770",1.00%
SofÃ­a Savoy Zanolio,https://instagram.com/savoyszanolio,savoyszanolio,"80,754",5%
Fotos de Argentina ğŸ‡¦ğŸ‡·,https://instagram.com/arg.photos,arg.photos,"80,423",3.00%
Tommy MuÃ±oz,https://instagram.com/tommymunozdj,tommymunozdj,"80,056",0.70%
D I E G O    W E I S Z,https://instagram.com/diegoweisz,diegoweisz,"79,900",7.50%
Paula Alonzo,https://instagram.com/paualonzoo,paualonzoo,"79,723",3%
Valentina Godfrid,https://instagram.com/valentinagod,valentinagod,"79,646",4.00%
Lupi Mazzucchelli,https://instagram.com/lupimazz,lupimazz,"79,626",0.40%
It Baby Eat,https://instagram.com/itbabyeat,itbabyeat,"79,569",0.80%
Thomas Finsterbusch,https://instagram.com/elniniocamo,elniniocamo,"79,446",0.90%
Luisina Troncoso,https://instagram.com/mamasabebien,mamasabebien,"79,023",1.20%
Gapsi Pizzoleo,https://instagram.com/misslittletouch,misslittletouch,"78,564",0.80%
Juan Imhoff,https://instagram.com/imhoffjuan,imhoffjuan,"78,261",12.10%
Clemente Cancela,https://instagram.com/clementedeviaje,clementedeviaje,"78,136",2.80%
Valentin Crucianelli Ballester,https://instagram.com/bytheoneandonly,bytheoneandonly,"78,089",1.10%
Facundo Isa,https://instagram.com/facuisa,facuisa,"78,045",5.90%
Gonzalo Higuain,https://instagram.com/gonzalohiguain9_,gonzalohiguain9_,"78,005",7.10%
RÌ²oÌ²sÌ²aÌ²rÌ²iÌ²oÌ² CÌ²uÌ²eÌ²nÌ²cÌ²aÌ² ğŸ‘©ğŸ¼,https://instagram.com/rochicuenca,rochicuenca,"77,902",3.70%
Belu âœ¨Fashion Entrepreneur,https://instagram.com/belubarrague,belubarrague,"77,888",2.30%
,https://instagram.com/loquevaok,loquevaok,"77,718",3.30%
by China CalÃ©,https://instagram.com/mindthegapchica,mindthegapchica,"77,401",1.60%
ï¼³ï½ï½†ï½‰ï¼¥ï½Œï½Œï½‰ï½ï½”,https://instagram.com/sofielliot,sofielliot,"76,482",4.20%
CRANBERRY CHIC ARGENTINA,https://instagram.com/cranberrychic_argentina,cranberrychic_argentina,"76,145",0.30%
Hernan Piquin,https://instagram.com/hpiquin,hpiquin,"75,858",6.10%
Matias Moroni,https://instagram.com/tutemoroni,tutemoroni,"75,767",8.70%
Luisa Drozdek ğŸ¬,https://instagram.com/lulydrozdek,lulydrozdek,"75,470",1.50%
Pablo Stecco,https://instagram.com/pablostecco,pablostecco,"75,404",1.20%
Juanma Mato,https://instagram.com/matojuanma,matojuanma,"75,317",10.30%
Ale Pucheta,https://instagram.com/alepucheta,alepucheta,"75,250",1.60%
Facundo Moyano,https://instagram.com/facundomoyanook,facundomoyanook,"75,244",4.90%
Agustina Lecouna,https://instagram.com/agus_lecouna,agus_lecouna,"74,783",0.80%
âœ–ï¸ AZUMAKEUP âœ–ï¸,https://instagram.com/azumakeup,azumakeup,"73,682",1.20%
Polito pieres,https://instagram.com/politopieres,politopieres,"73,618",3.90%
Juan Manuel Cativa,https://instagram.com/juanmacativa,juanmacativa,"72,613",0.20%
M E M E  C A S T R O,https://instagram.com/muyviajera,muyviajera,"72,209",3.90%
P a u    L a m a r q u e,https://instagram.com/paulalamarque,paulalamarque,"71,677",2.70%
Estela Stier,https://instagram.com/titistier,titistier,"70,193",6.50%
GG,https://instagram.com/soygatina,soygatina,"69,568",6.10%
PÍ™UÍ™RÍ™AÍ™â˜¾â˜¼VÍ™IÍ™DÍ™AÍ™,https://instagram.com/macubasile_,macubasile_,"69,268",7.20%
DamiÃ¡n Betular,https://instagram.com/dbetular,dbetular,"68,801",1.80%
Mat San MillÃ¡n,https://instagram.com/matsanmillan,matsanmillan,"68,149",1.40%
Recetas para bebÃ©s y familia,https://instagram.com/chefparabebes,chefparabebes,"68,065",0.80%
M & J ğŸŒˆ,https://instagram.com/m.j.fotografia,m.j.fotografia,"67,707",6.10%
Cawi Blaksley ğŸ‡¦ğŸ‡·,https://instagram.com/cawiblaksley,cawiblaksley,"67,433",3.40%
Sofia Luna,https://instagram.com/sofilu20,sofilu20,"67,023",6.60%
Buenos Aires para Chicos,https://instagram.com/buenosairesparachicos,buenosairesparachicos,"66,769",1.40%
Delfi Garcia Escudero,https://instagram.com/delfigescuderook,delfigescuderook,"66,237",4.40%
Mariano Zabaleta,https://instagram.com/marianozabaletaoficial,marianozabaletaoficial,"65,958",1.50%
ğŸŒ¿Luti AnteloğŸŒ¿,https://instagram.com/veveyblog,veveyblog,"65,951",1.00%
Betsy SaÃºl â€¢ ğŸ’„ğŸ‘—âœˆï¸,https://instagram.com/seguilamoda,seguilamoda,"65,835",1.10%
LUCIA MARTINEZ NASH,https://instagram.com/thestyleoflucia,thestyleoflucia,"64,955",2.60%
Kekukis - Pastry Chef,https://instagram.com/kekutailhade,kekutailhade,"64,883",0.60%
MARTINA CIANO,https://instagram.com/veganfitfluencer,veganfitfluencer,"64,431",1.50%
MartÃ­n Insaurralde,https://instagram.com/minsaurralde_,minsaurralde_,"64,317",0.40%
Delfi Roldan & Loli Barski,https://instagram.com/mamas_sos,mamas_sos,"63,668",0.40%
Flor Scharenberg,https://instagram.com/biufit,biufit,"63,368",1.40%
Agustin Pichot,https://instagram.com/agustinpichot,agustinpichot,"63,135",6.50%
Mercedes Sarrabayrouse,https://instagram.com/mechasarra,mechasarra,"62,892",6.10%
MISCE! ğŸ¶,https://instagram.com/miscellaneousok,miscellaneousok,"62,594",6.30%
Isabel Aladro,https://instagram.com/isaaladro,isaaladro,"62,266",9.10%
Joaco Teran,https://instagram.com/joacoteran,joacoteran,"62,231",2.20%
Agos Larocca,https://instagram.com/agoslarocca,agoslarocca,"61,248",4.60%
Delfi Tillous,https://instagram.com/tipsytocs,tipsytocs,"61,016",1.90%
Santiago Repetto,https://instagram.com/santi.repetto,santi.repetto,"60,598",2.40%
Pamela Villar,https://instagram.com/pamemvillar,pamemvillar,"59,939",1.30%
MARÃA MARTINA,https://instagram.com/maitimerlino,maitimerlino,"59,755",4.40%
Leandro Saifir,https://instagram.com/leandrosaifir,leandrosaifir,"59,702",7.50%
Mariana Bisso,https://instagram.com/cocina.mona,cocina.mona,"59,420",1%
fabianpaz,https://instagram.com/fabianpaz,fabianpaz,"58,971",1.00%
Lara Bernasconi,https://instagram.com/larabernasconioficial,larabernasconioficial,"58,741",0.70%
á´á´‡á´á´‡ á´ÉªÉ´á´€ssÉªá´€É´,https://instagram.com/amazingrooocket,amazingrooocket,"58,578",1.10%
J O S E F I N A,https://instagram.com/josefinadegregorio,josefinadegregorio,"58,029",5.70%
Norberto Fontana ğŸ‡¦ğŸ‡·,https://instagram.com/norbertofontana,norbertofontana,"57,474",1.70%
Julieta Anton,https://instagram.com/julietanton,julietanton,"56,373",5.40%
Betiana Wolenberg,https://instagram.com/betianawolenberg,betianawolenberg,"56,287",4.20%
Lali Musica,https://instagram.com/lalimusica,lalimusica,"56,019",6.80%
Maite Irazu,https://instagram.com/maiteirazu,maiteirazu,"55,981",1.70%
Energia en Movimiento,https://instagram.com/dafneschilling,dafneschilling,"55,156",3.60%
Ê™á´‡ÊŸá´‡É´ á´á´‡É´á´…ÉªÉ¢á´œÊ€á´‡É´,https://instagram.com/lelumendy,lelumendy,"54,394",10.20%
Olivia,https://instagram.com/olivia_viggiano,olivia_viggiano,"54,339",1.90%
Ò“oodĞ²logger & Ğ½ealÑ‚Ğ½ylÎ¹Ò“eÑ•Ñ‚yle,https://instagram.com/happylikeahippo,happylikeahippo,"54,333",1.10%
Lucia Numer,https://instagram.com/lucia.numer,lucia.numer,"54,143",1.70%
,https://instagram.com/hoyquesale,hoyquesale,"54,129",0.50%
#burgerfacts,https://instagram.com/burgerfacts,burgerfacts,"54,058",4%
Mariela Fernandez Casanou,https://instagram.com/marufercas,marufercas,"53,572",1.00%
â €â €â €â €â €â €â €â €â €â €â €Celeste Failache,https://instagram.com/celestefailache,celestefailache,"53,172",0.90%
Everything Is Dato,https://instagram.com/everythingisdato,everythingisdato,"52,959",0.60%
L u l i   T o r n,https://instagram.com/lulitorn,lulitorn,"52,888",7.20%
MMyArgentina ğŸ‘‰ Beta SuÃ¡rez,https://instagram.com/mujer.madre.y.argentina,mujer.madre.y.argentina,"52,825",2.10%
Virginia Sar,https://instagram.com/virginia_sar,virginia_sar,"52,584",1.60%
Sole Nardelli Cocinera,https://instagram.com/sole_nardelli,sole_nardelli,"52,520",0.70%
NAT Cordoba mkp | HAIR | Blog,https://instagram.com/elblogdenatt,elblogdenatt,"52,488",1.40%
Carla Lanzi,https://instagram.com/lanzicar,lanzicar,"51,288",2.60%
Tips De Deco y Algo Mas...,https://instagram.com/agusgallook,agusgallook,"51,092",2.20%
Vero Palazzo,https://instagram.com/veropalazzo,veropalazzo,"50,965",1.60%
Leo Senatore,https://instagram.com/leo.senatore,leo.senatore,"50,928",2.40%
CAMILA ORSI,https://instagram.com/camilaorsimc,camilaorsimc,"50,920",3.10%
RiÃ¡n Betina ğŸ¨,https://instagram.com/rianbetina,rianbetina,"50,544",5%
Luciano Garcia,https://instagram.com/lucianogarciapastelero,lucianogarciapastelero,"50,528",2.00%
Coni ğŸŒˆ Dietrich,https://instagram.com/conidietrich,conidietrich,"50,223",3.60%
Osvaldito ğŸ¾,https://instagram.com/osvaldomonaco,osvaldomonaco,"49,989",14.40%
Justina Martinez Rolon â,https://instagram.com/jusmrolon,jusmrolon,"49,521",2.80%
solarosoledad,https://instagram.com/solarosoledad,solarosoledad,"49,441",0.90%
,https://instagram.com/santiloker,santiloker,"48,891",5.80%
Carola Del Bianco,https://instagram.com/caroladelbianco,caroladelbianco,"48,733",2.60%
Rossella Della Giovampaola,https://instagram.com/rosselladgp,rosselladgp,"48,632",3.60%
Javier Eloy âœ¨,https://instagram.com/javiereloy02,javiereloy02,"48,296",4.20%
Un papÃ¡ que cocina,https://instagram.com/papacocina,papacocina,"48,292",2.50%
Adri Montaldo Vera,https://instagram.com/adrimontaldovera,adrimontaldovera,"47,833",1.80%
Ramon Garriga,https://instagram.com/gluten.morgen,gluten.morgen,"46,931",1.40%
ğ™³ğšğš•ğšğš’ğš—ğšŠ ğšğš’ğšŒğšŠğš•ğšğš,https://instagram.com/delfiricalde,delfiricalde,"46,841",4.50%
Karen Barg,https://instagram.com/mami.make.up,mami.make.up,"46,487",5.20%
Pablo Ariel Simonet,https://instagram.com/pablitosimon,pablitosimon,"45,636",5.90%
sá´ÊŸá´‡ ğŸ’›,https://instagram.com/cosademinasok,cosademinasok,"45,212",3.10%
â€¢ JULI  LEÃ“N â€¢,https://instagram.com/madreinargentina,madreinargentina,"45,121",1.90%
Guido Petti Pagadizabal,https://instagram.com/guidopettip,guidopettip,"45,077",7.10%
Chule,https://instagram.com/muychule,muychule,"44,732",0.90%
Food in BA,https://instagram.com/food_in_ba,food_in_ba,"44,708",0.70%
JANA JANITA JANA ğŸ†‡ A. San Juan,https://instagram.com/janajanitablog,janajanitablog,"44,673",3.20%
Florencia Galarza,https://instagram.com/florencia.galarza,florencia.galarza,"44,659",5.60%
Maria Freytes,https://instagram.com/maria_freytes,maria_freytes,"44,655",1%
Majo Castorina,https://instagram.com/majocastorina,majocastorina,"44,578",1.00%
Experimento Casa,https://instagram.com/experimentocasa,experimentocasa,"44,143",0.80%
ğŸ™‹ğŸ» Mariana Riveiro,https://instagram.com/modahypeada,modahypeada,"43,473",0.90%
Ana Maris Gonzalez,https://instagram.com/anitagonpereira,anitagonpereira,"43,301",1.50%
RoğŸ’• Music & Lifestyle ğŸ‘›,https://instagram.com/sereinne_,sereinne_,"43,091",5.90%
Graciela Borges,https://instagram.com/borgesgra13,borgesgra13,"42,932",2.40%
á´Šá´‡sÉª á´ á´‡Ê€sá´€ÊŸÊŸÉª,https://instagram.com/jesicaver,jesicaver,"42,793",1.90%
Carlita Cibalerio,https://instagram.com/carlaciba,carlaciba,"42,704",2.40%
â€¢Loreâ€¢Castroâ€¢ ARTEğŸŒˆDEPORTE,https://instagram.com/loreleycastro,loreleycastro,"42,620",2%
Soledad Villarreal,https://instagram.com/solvillarrealok,solvillarrealok,"42,606",2.00%
Takehiro OHNO,https://instagram.com/takehiro_ohno,takehiro_ohno,"42,472",3.40%
ğŸ‡¦ğŸ‡· C Y N T H I A,https://instagram.com/cyn.mayer,cyn.mayer,"42,282",2.90%
Floxie ğŸŒğŸ›«,https://instagram.com/floxie10,floxie10,"41,843",5.30%
Elisa Insua âš¡ï¸,https://instagram.com/elisainsua,elisainsua,"41,639",3%
LOLI BALBIğŸ™‹ğŸ»â€â™€ï¸,https://instagram.com/ciudadanasdelmundo,ciudadanasdelmundo,"41,502",3.00%
Debbie Maniowicz,https://instagram.com/upalalaok,upalalaok,"41,457",1.30%
Antito Perata,https://instagram.com/antitoperata,antitoperata,"40,956",0.80%
BelÃ©n Casetta,https://instagram.com/belencasetta,belencasetta,"40,364",9%
Cool Buenos Aires,https://instagram.com/coolbuenosaires,coolbuenosaires,"40,363",2.40%
Recetas veganas!,https://instagram.com/samuraideensaladas,samuraideensaladas,"39,879",2.00%
Victor Ardila & Emilio MuÃ±oz,https://instagram.com/enchupines,enchupines,"39,857",0.90%
Gina Dâ€™Andrea,https://instagram.com/ginadandreaok,ginadandreaok,"39,632",3.10%
Mariana Arias,https://instagram.com/mariaanaarias,mariaanaarias,"39,399",0.50%
Griselda Pelozo Allegretti â–¶ï¸,https://instagram.com/glamoureando,glamoureando,"39,175",0.90%
á”•Iá’ªá¯Iá‘á—© á—° queconqueok,https://instagram.com/queconqueok,queconqueok,"38,987",3.20%
ğŸŒğŸ”âœ¨ğŸŒ²,https://instagram.com/clariledesma,clariledesma,"38,753",3.60%
Julieta Spina,https://instagram.com/julietaspina,julietaspina,"38,626",0.90%
C C ğŸŒ¸,https://instagram.com/claritacao,claritacao,"38,525",7.40%
Lorena Pedace Lifestyle,https://instagram.com/lorenapedace,lorenapedace,"38,488",3.60%
Tigre Silencioso,https://instagram.com/nahuelmutti,nahuelmutti,"38,475",0.40%
Sofy Grimau,https://instagram.com/sofygrimauu,sofygrimauu,"38,409",3.20%
Santiago Colinet,https://instagram.com/santiagocolinet,santiagocolinet,"38,278",5.50%
Renato Giovannoni,https://instagram.com/tatogiovannoni,tatogiovannoni,"38,251",1.50%
Mery Garavilla,https://instagram.com/merygaravilla,merygaravilla,"38,222",4.10%
Nacho Lecouna,https://instagram.com/nacholecouna,nacholecouna,"37,913",3.90%
Fio Sargenti,https://instagram.com/fiosargenti,fiosargenti,"37,754",7.20%
Emiliano Boffelli,https://instagram.com/eboffelli,eboffelli,"37,624",12.40%
SOY DE GRECIA,https://instagram.com/soydegrecia,soydegrecia,"37,608",3.50%
unpapaconbarba,https://instagram.com/unpapaconbarba,unpapaconbarba,"37,334",2.90%
Federico Ãlvarez Castillo,https://instagram.com/federicoalvarezcastillo,federicoalvarezcastillo,"37,330",1.70%
Violeta,https://instagram.com/violetajuni,violetajuni,"36,467",9%
C L A R I T A,https://instagram.com/clarisarkany,clarisarkany,"36,366",4%
SofÃ­a,https://instagram.com/sofisarkany,sofisarkany,"36,274",4.00%
*La Juli* ğŸŒˆ Julieta Navarro,https://instagram.com/julivarro,julivarro,"36,220",8.30%
Locos X La Parrillaa,https://instagram.com/locosxlaparrillaa,locosxlaparrillaa,"36,135",6.20%
ğ™‚ ğ™„ ğ™‚ ğ™‚ ğ™ ğ™”,https://instagram.com/giggsymakeup,giggsymakeup,"35,824",5.10%
Bautibomba,https://instagram.com/bautibomba9,bautibomba9,"35,651",9.80%
Lucila Godoy,https://instagram.com/lucila.godoy,lucila.godoy,"35,639",1.60%
Pupi,https://instagram.com/aguspupich,aguspupich,"35,464",22.80%
Marina Ahumada,https://instagram.com/nanipochu,nanipochu,"35,320",5%
Juan Viel,https://instagram.com/pueblosbuenosaires,pueblosbuenosaires,"35,088",4.00%
ArielRodriguez,https://instagram.com/okarielrodriguez,okarielrodriguez,"34,984",1.90%
Juan Forner ğŸ‡¦ğŸ‡·,https://instagram.com/juanforner,juanforner,"34,855",3.20%
Mariana Ayraudo,https://instagram.com/marianaayraudoarte,marianaayraudoarte,"34,602",1.10%
Rafa Alvarado Event Group ğŸ‡»ğŸ‡ª,https://instagram.com/rafaalvarado,rafaalvarado,"34,267",1.40%
Martu Fadanelli ğŸ”©,https://instagram.com/martufadanelli,martufadanelli,"33,857",1.70%
Helena Ayerza,https://instagram.com/helenayerza,helenayerza,"33,748",2.60%
Cochito Lopez,https://instagram.com/cochitolopez,cochitolopez,"33,271",2.80%
Brenda Sander,https://instagram.com/brensander,brensander,"33,109",12.90%
Enrique Sacco,https://instagram.com/enriquesacco,enriquesacco,"33,089",28.30%
Santiago MuÃ±iz,https://instagram.com/santiagomuniz,santiagomuniz,"33,050",4.40%
Vale Archimo-ok,https://instagram.com/valearchimo,valearchimo,"33,018",0.50%
Recetas Amigas,https://instagram.com/recetasamigas,recetasamigas,"32,989",0.90%
Caro Berro Madero,https://instagram.com/karolinesmode,karolinesmode,"32,921",1.40%
Laura Meseguer,https://instagram.com/laura_meseguer,laura_meseguer,"32,521",5.50%
G i a n n i  C e r s o s i m o,https://instagram.com/giannicersosimo,giannicersosimo,"32,488",5.40%
Mech â€¢ Luca â€¢ Juan,https://instagram.com/muydemama,muydemama,"32,389",2.80%
martaaltberg,https://instagram.com/martaaltberg,martaaltberg,"32,166",3.30%
Rosie's Tips,https://instagram.com/rosiestips,rosiestips,"32,115",4%
S O F I A ğŸŒ¸,https://instagram.com/sofimoralesmusica,sofimoralesmusica,"31,967",2.00%
Agustina de Alba,https://instagram.com/agusdealba,agusdealba,"31,595",2%
Pick Up The Fork,https://instagram.com/pickupthefork,pickupthefork,"31,211",3.00%
Loli Alliati / Founder,https://instagram.com/lavitalita,lavitalita,"31,198",0.90%
Agustin Mallmann,https://instagram.com/amallmann,amallmann,"31,148",3.10%
MARTI VILLAR ğŸŒ¶,https://instagram.com/martivillar1,martivillar1,"30,690",3.70%
Jannine,https://instagram.com/fashionistarg,fashionistarg,"30,472",1.70%
â­ï¸Æ‘Æ‘â­ï¸,https://instagram.com/florfabiano,florfabiano,"30,069",0.90%
LÍ™UÍ™ PÍ™EÍ™DÍ™RÍ™AÍ™ZÍ™AÍ™,https://instagram.com/luciapedraza,luciapedraza,"28,855",1.90%
chola,https://instagram.com/carmebustelo,carmebustelo,"28,843",4.90%
ModoGlutenFree,https://instagram.com/modo.glutenfree,modo.glutenfree,"28,653",2.80%
Jenny Dahlgren OLY,https://instagram.com/jennydahlgren,jennydahlgren,"28,531",2.40%
Belu Bergagna ğŸ‡¦ğŸ‡·,https://instagram.com/belubergagna,belubergagna,"28,442",5.20%
D e l f i n a  B r i z u e l a,https://instagram.com/delfibri,delfibri,"28,278",16.20%
D O L O R E S,https://instagram.com/camposlolita,camposlolita,"27,067",8.10%
Oh!LaModa,https://instagram.com/ohlamodablog,ohlamodablog,"27,064",0.90%
TheFitBlogger,https://instagram.com/thefitblogger,thefitblogger,"26,846",0.40%
Guido Tassi,https://instagram.com/guidotassi,guidotassi,"26,836",2.30%
â€¢ á´ÉªÊŸá´€É¢Ê€á´s á´€á´„á´sá´›á´€ - á´ÉªÊŸá´ á´€á´„. â€¢,https://instagram.com/heyitsmiloac,heyitsmiloac,"26,790",4.90%
Shei Alalu,https://instagram.com/shemakeup_,shemakeup_,"26,694",3.80%
ğŸ‡¦ğŸ‡· LEANDRO USUNA,https://instagram.com/leleusuna,leleusuna,"26,647",4%
IWAO KOMIYAMA,https://instagram.com/iwaochefok,iwaochefok,"26,534",3.30%
Fio,https://instagram.com/fiofrac,fiofrac,"26,469",3.30%
Dalia F. Walker,https://instagram.com/ladalia,ladalia,"26,128",2.60%
MARIANA SOLERğŸ¤ğŸ“ºâ¤ï¸ğŸ¤—,https://instagram.com/marianasolerok,marianasolerok,"25,773",3.40%
Cat Courreges,https://instagram.com/catcourreges,catcourreges,"25,617",1.40%
Vik Arrieta á•± #happimessxVik,https://instagram.com/vikarrieta,vikarrieta,"25,411",1.90%
Flor Chedufau,https://instagram.com/florchedufau,florchedufau,"25,354",2.60%
EstiloDV,https://instagram.com/estilodv,estilodv,"24,990",2%
â†Ÿâ†Ÿâ†Ÿ,https://instagram.com/jenn_fti,jenn_fti,"24,661",2.10%
,https://instagram.com/vickybecci,vickybecci,"24,573",2%
ARGENTINA SALVAJE,https://instagram.com/argentina.salvaje,argentina.salvaje,"24,500",5%
Pilar Coarasa,https://instagram.com/pilarcoarasa,pilarcoarasa,"24,460",11.00%
Emi & Flor Pereyra Giamportone,https://instagram.com/giamportones,giamportones,"23,758",1.30%
â˜… TEFF KAZELIAN DIEZ,https://instagram.com/itsmeliona,itsmeliona,"23,626",1.90%
Mechi Manrique,https://instagram.com/lifeinpics_blog,lifeinpics_blog,"23,464",2.60%
Luciano Banchero,https://instagram.com/lucianobanchero,lucianobanchero,"23,447",4%
Guada Ghilardi,https://instagram.com/guadaghilardi,guadaghilardi,"23,296",2.20%
FÍ™AÍ™BÍ™IÍ™AÍ™NÍ™AÍ™ JÍ™AÍ™FÍ™IÍ™FÍ™,https://instagram.com/demadreamadreblog,demadreamadreblog,"23,058",0.40%
MARTIN PASSERI,https://instagram.com/martinpasseri,martinpasseri,"23,011",5.00%
Neki Tavosnanska,https://instagram.com/mamadecco,mamadecco,"22,892",1.10%
Eduardo Torres,https://instagram.com/etorresfotografia,etorresfotografia,"22,790",3%
El Mago Cocina,https://instagram.com/elmagococina,elmagococina,"22,764",7.60%
Franco Ferrari,https://instagram.com/francoferra95,francoferra95,"22,709",1.50%
Laura Oliva,https://instagram.com/lauritaa.oliva,lauritaa.oliva,"22,664",2%
Eugenia,https://instagram.com/fashionvictimargentina,fashionvictimargentina,"22,296",1.50%
Ana Gallay,https://instagram.com/anita_amg,anita_amg,"22,139",5.80%
Nara Ferragut,https://instagram.com/naraferragut,naraferragut,"22,002",1.00%
Filigrana de ideas,https://instagram.com/gabuleta,gabuleta,"21,752",6.60%
AÌ¥GÌ¥OÌ¥SÌ¥TÌ¥IÌ¥NÌ¥AÌ¥ SÌ¥CÌ¥IÌ¥OÌ¥LÌ¥IÌ¥,https://instagram.com/agostinascioli,agostinascioli,"21,589",3.00%
Mara Lorenzon,https://instagram.com/maralorenzon,maralorenzon,"21,537",7.60%
Hache Beauty por Lau H. Broens,https://instagram.com/lauhachebeauty,lauhachebeauty,"21,384",1.00%
Mariana,https://instagram.com/dafflifestyle,dafflifestyle,"21,341",2.40%
Cande Bulla,https://instagram.com/candebulla,candebulla,"21,310",3.90%
ğŸ’«CARO DI NEZIOğŸ’«,https://instagram.com/carodinezio,carodinezio,"21,209",1.50%
Leonel Guerrero,https://instagram.com/guerreronel,guerreronel,"21,142",5.30%
Victoria ğŸ€,https://instagram.com/vicucolovatti,vicucolovatti,"20,916",3.20%
JOSEFINA ğŸŒˆ AYERZA,https://instagram.com/joseayerza,joseayerza,"20,520",3.00%
Julieta ğŸ¬ Travel â€¢ Photos,https://instagram.com/jd.travelphotos,jd.travelphotos,"20,454",1%
GastÃ³n Luna,https://instagram.com/gaston_luna,gaston_luna,"20,411",11.20%
Rochi Sanguinetti,https://instagram.com/rochisanguinetti,rochisanguinetti,"20,374",2.00%
ğŸ‡¬ğŸ‡§ El InglÃ©s GlotÃ³n ğŸ‡¬ğŸ‡§,https://instagram.com/elinglesgloton,elinglesgloton,"20,331",5.70%
ğŸ…¼ğŸ†„ğŸ…¼ğŸ…¸,https://instagram.com/unamamapanda,unamamapanda,"20,257",3.10%
Piqui MÃ©ndez. Health Coach,https://instagram.com/piquimendez,piquimendez,"20,249",1.10%
#NAME?,https://instagram.com/mastop.recomienda,mastop.recomienda,"20,128",1.60%
Lucia Indurain,https://instagram.com/luciaindurain,luciaindurain,"20,069",4.70%
Belen Blanco Garcia,https://instagram.com/belublancog,belublancog,"19,708",5.20%
Guada M | Content creator,https://instagram.com/guadamalter,guadamalter,"19,606",0.40%
BELA LUNA ğŸŒ´,https://instagram.com/mabelaluna,mabelaluna,"19,596",2.70%
Agustina Muda,https://instagram.com/agustinamuda,agustinamuda,"19,523",4.50%
comerricohacebienÂ®,https://instagram.com/comerricohacebien,comerricohacebien,"19,311",0.90%
N I K I  M A Y O,https://instagram.com/niki.mayo,niki.mayo,"19,209",4.90%
Fede Bonomi,https://instagram.com/federicobonomi67,federicobonomi67,"19,176",4.10%
Anthony Vasquez,https://instagram.com/antovasdi,antovasdi,"19,145",2.30%
Agus,https://instagram.com/mammamoli,mammamoli,"19,122",3.00%
SofÃ­a,https://instagram.com/sofufernandez,sofufernandez,"19,021",8.20%
Tepeino Puntocom,https://instagram.com/tepeinopuntocom,tepeinopuntocom,"18,945",2.40%
LucÃ­a VilariÃ±o,https://instagram.com/lulivilarino,lulivilarino,"18,915",1.30%
TomÃ¡s Balmaceda,https://instagram.com/capitanintriga,capitanintriga,"18,757",0.90%
Alexia Ortiz Basualdo,https://instagram.com/alexiaortizbasualdo,alexiaortizbasualdo,"18,346",5.50%
LINÎ›,https://instagram.com/linacameli,linacameli,"18,287",3.10%
"La Plata, Buenos Aires",https://instagram.com/damianiomha,damianiomha,"18,285",7.50%
Luis Bremer,https://instagram.com/luisbremeroficial,luisbremeroficial,"18,186",1.10%
Luana Hervier,https://instagram.com/luanahervier,luanahervier,"18,160",2.00%
Queen Mammas,https://instagram.com/queenmammas,queenmammas,"18,109",1.70%
Recetas saludables,https://instagram.com/laultimadietadetuvida,laultimadietadetuvida,"18,067",2.90%
Sofi Cantilo,https://instagram.com/soficantilo,soficantilo,"18,011",0.037
Luchy Cosoleto,https://instagram.com/luchycosoleto,luchycosoleto,"18,003",1.50%
Jenni Reyes,https://instagram.com/chinnireyes,chinnireyes,"17,828",3.50%
Lorena Maciel @maclorena,https://instagram.com/maclorena,maclorena,"17,785",2.00%
Le Banana,https://instagram.com/lebananas,lebananas,"17,772",0.90%
á´„á´‡á´„ÉªÊŸÉªá´€Â É´á´€á´˜á´ÊŸÉª,https://instagram.com/soy_ceci,soy_ceci,"17,738",1.10%
É¢á´œá´€á´…á´€ÊŸá´œá´˜á´‡ á´„á´ÊŸá´á´Ê™á´ á´á´‡Éª,https://instagram.com/guadacolombomei,guadacolombomei,"17,663",2%
Muy Minitah,https://instagram.com/muy__minitah,muy__minitah,"17,515",1.80%
Candela Noelia DÃ­az,https://instagram.com/candelandiaz13,candelandiaz13,"17,501",28.30%
Paula Trapani,https://instagram.com/pautrapani,pautrapani,"17,458",4.10%
Lola Poggio & Lola Ahumada,https://instagram.com/lolitapoggioyahumada,lolitapoggioyahumada,"17,445",0.40%
E u g e n i a  P e d r o Ñ‚ Ñ‚ i,https://instagram.com/uchipedrotti,uchipedrotti,"17,229",3%
Valentina Elverdin,https://instagram.com/valenelverdin,valenelverdin,"17,112",5.20%
Sol NaddeoğŸŒ Blogger & Youtuber,https://instagram.com/hellosunshinearg,hellosunshinearg,"17,005",3.20%
gran fuego argentinoğŸ”¥ğŸ”¥ğŸ”¥,https://instagram.com/gran_fuego,gran_fuego,"16,935",4.40%
JUAN VITALI ğŸ› ï¸,https://instagram.com/juannvitali,juannvitali,"16,634",4.60%
Jesica L. L.,https://instagram.com/jesicall,jesicall,"16,554",6.20%
Jeremias Thomas,https://instagram.com/thomasjeremias,thomasjeremias,"16,529",8.90%
E m m e | Encincoestoy,https://instagram.com/emmebelier,emmebelier,"16,514",1.50%
Mario de Elias,https://instagram.com/negrodeeliastri,negrodeeliastri,"16,373",4.20%
AgustÃ­n Eme,https://instagram.com/agustineme,agustineme,"16,349",10.30%
FLOR FLORIO,https://instagram.com/florflor,florflor,"16,195",4.40%
Tendenciera,https://instagram.com/tendenciera,tendenciera,"16,154",0.70%
SÎ¹â„“Î½Î±Ğ¸Î± MÎ¹Ğ¸Î±âˆ‚Ñ”Ïƒ,https://instagram.com/soysilminadeo,soysilminadeo,"16,133",4.10%
Agus Echegoyen,https://instagram.com/agustinaechegoyen,agustinaechegoyen,"16,044",2.50%
zabo,https://instagram.com/zabodice,zabodice,"16,010",4.90%
É´á´€Ê€á´‡ÊŸá´€ á´Šá´œá´€Ê€á´‡á´¢ ğŸŒ¹,https://instagram.com/narelajuarez,narelajuarez,"15,399",2.70%
ğŸ‡¦ğŸ‡· AGUS & RO | VIAJERAS,https://instagram.com/theviaje_,theviaje_,"14,960",5.60%
Paula Varela ğŸ‡¦ğŸ‡·,https://instagram.com/pauluvarela,pauluvarela,"14,928",2.30%
Guada Laclau,https://instagram.com/ladyfrenesi,ladyfrenesi,"14,879",2%
Jenny Vo Rios,https://instagram.com/jennyvochic,jennyvochic,"14,497",2.30%
Marina Abiuso,https://instagram.com/mabiuso,mabiuso,"14,479",3%
Julian Olmedo,https://instagram.com/lepeolmedo,lepeolmedo,"14,432",10.90%
MORA PIÃ‘ERO,https://instagram.com/morapinero,morapinero,"14,306",4.10%
Abru Varela,https://instagram.com/abbruvarela,abbruvarela,"14,021",5.70%
Juan Craveri ğŸ‡¦ğŸ‡·ğŸ¤™,https://instagram.com/juancraveri,juancraveri,"13,975",3%
MarÃ­a BelÃ©n Aramburu,https://instagram.com/mariabelenaramburu,mariabelenaramburu,"13,946",0.90%
Martina âš¡ï¸ Elisa,https://instagram.com/martinaelisa_,martinaelisa_,"13,270",8.30%
Anita Zanelli,https://instagram.com/anita_zanelli,anita_zanelli,"13,266",4.20%
Tá´Ê€Éª Cá´€á´á´‡Ê€ÉªÉ´Éª,https://instagram.com/toricamerini,toricamerini,"13,233",6.90%
Guadalupe,https://instagram.com/lupedisalvo,lupedisalvo,"13,091",
Daniela Dini,https://instagram.com/danidiniperiodista,danidiniperiodista,"13,060",1.40%
Vicky Gils,https://instagram.com/vickygils,vickygils,"13,002",
Any Ventura,https://instagram.com/anyventura1,anyventura1,"12,747",2.00%
Beauty & Lifestyle Argentina,https://instagram.com/flaviaflanders,flaviaflanders,"12,582",1.80%
Anne Gabillot,https://instagram.com/annegabillot,annegabillot,"12,494",3.90%
Belen Ayerza,https://instagram.com/beluayerza,beluayerza,"12,484",3.70%
Sabrina Traverso ğŸ’š,https://instagram.com/sabrina.traverso,sabrina.traverso,"12,436",11.50%
ï¸¾ï¸¾ï¸¾ï¸¾ï¸¾ï¸¾ï¸¾,https://instagram.com/lolilanusse,lolilanusse,"12,355",5.20%
Charly G.,https://instagram.com/charlygartista,charlygartista,"12,217",1%
Ramiro Torrents,https://instagram.com/ramirotorrents,ramirotorrents,"12,196",11.30%
L U C A S  S A N T A M A R I A,https://instagram.com/lucassantamaria,lucassantamaria,"11,880",3.70%
Santiago Lange,https://instagram.com/santilange,santilange,"11,731",13.00%
S O F I A   C A S T A Ã‘ O N,https://instagram.com/soficastanion,soficastanion,"11,632",3.50%
Augusto Mayer,https://instagram.com/aspirineta,aspirineta,"11,627",3.30%
Recetas Veganas,https://instagram.com/veganismo.arg,veganismo.arg,"11,323",3.70%
,https://instagram.com/josefinaane,josefinaane,11191,0.037
ğ’«ğ“‡ğ’¾ ğ’«ğ’¶ğ“ˆğ“‰ğ‘œğ“‡,https://instagram.com/pripastor,pripastor,11108,0.004
Postcards from Ivi-Travel Blog,https://instagram.com/postcardsfromivi,postcardsfromivi,11102,0.037
Candelaria Benijes,https://instagram.com/candebenijes,candebenijes,11075,0.08
Ricardo Dasso,https://instagram.com/ricardodasso,ricardodasso,11066,0.006
BelÃ©n,https://instagram.com/mbelenblasco,mbelenblasco,11006,0.088
Luis Migueles Running Coach,https://instagram.com/luismigueles800,luismigueles800,10924,0.014
Adry Balbo,https://instagram.com/adrybalbo,adrybalbo,10899,0.038
Barbara MAZZONI,https://instagram.com/babsymazzoni,babsymazzoni,10863,0.027
Adolfo Cambiaso,https://instagram.com/adolfocambiaso1,adolfocambiaso1,10552,0.032
Monica Juarez,https://instagram.com/monicajuarez8,monicajuarez8,10427,0.011
MATEO BIRKNER ğŸ‘¨ğŸ½â€âœˆï¸,https://instagram.com/mateobirkner,mateobirkner,10332,0.054
ğ¿ğ‘¢ğ‘™ğ‘– ğ‘‡ğ‘œğ‘Ÿğ‘Ÿğ‘’ğ‘  ğµğ‘’ğ‘™ğ‘¡ğ‘Ÿğ‘ğ‘›,https://instagram.com/lucianatorresbeltran,lucianatorresbeltran,10298,0.027
Mariana GÃ¡ndara,https://instagram.com/maru_gandara,maru_gandara,10260,0.013
Antonella Tignanelli,https://instagram.com/maryavocado,maryavocado,10181,0.027
Sofi Belapolsky,https://instagram.com/sofibelapolsky,sofibelapolsky,9948,0.028
Luli Nini,https://instagram.com/lucianini,lucianini,9915,0.014
R O S A R I O,https://instagram.com/rochicarneiro,rochicarneiro,9886,0.036
Srta. Natu Arenas,https://instagram.com/natuarenas,natuarenas,9777,0.011
Luz,https://instagram.com/modoturista.salta,modoturista.salta,9684,0.027
Josefa Canales,https://instagram.com/joosefacanales,joosefacanales,9623,0.043
Floriana Hoffmann,https://instagram.com/florianahoff,florianahoff,8885,0.072
A G U S   C A S T A Ã‘ O S,https://instagram.com/aguscastanosestudio,aguscastanosestudio,8852,0.018
ale,https://instagram.com/alejandrogravier,alejandrogravier,8781,0.077
Maggie Grosso,https://instagram.com/grossomaggie,grossomaggie,8446,0.014
Nacho Gundesen,https://instagram.com/nachogundesen,nachogundesen,8398,0.071
Milton Vieyra,https://instagram.com/emevieyra,emevieyra,8191,0.104
Felicitas,https://instagram.com/felimiranda,felimiranda,8186,0.053
EMT - Electronic Music Travel,https://instagram.com/electronicmusictravel,electronicmusictravel,8064,0.025
PÒ’ ğŸ‡¦ğŸ‡·,https://instagram.com/paulfava,paulfava,7948,0.019
EstefanÃ­a de la Paz ğŸƒğŸ¼â€â™€ï¸,https://instagram.com/estefidelapaz,estefidelapaz,7804,0.031
Fiorella Chiappe Madsen,https://instagram.com/chiappefiorella,chiappefiorella,7730,0.075
Violeta Colombo,https://instagram.com/violeta.colombo,violeta.colombo,7716,0.023
ğŸŒµDelfi Hp Clarita IbarrolağŸŒµ,https://instagram.com/2coolmoms,2coolmoms,7713,0.062
A.M.A. Alfonsina,https://instagram.com/latina.americana,latina.americana,7662,0.02
ğŸ‡¦ğŸ‡· Ezequiel Pauluzak ğŸ‡¦ğŸ‡·,https://instagram.com/ezequielpauluzak,ezequielpauluzak,7480,0.056
Francisco Woloch,https://instagram.com/franciscowoloch,franciscowoloch,7416,0.058
Delfina Caporaso,https://instagram.com/delficapo,delficapo,7275,0.1
Cecilia Bou,https://instagram.com/chicaelectricaa,chicaelectricaa,7021,0.018
GabyPEREZğŸ’®Art,https://instagram.com/gabyperez_art,gabyperez_art,7015,0.018
"Its me, Mechi ğŸ¤™",https://instagram.com/mechijunquet,mechijunquet,6984,0.1
VALENTINA,https://instagram.com/valesola_,valesola_,6978,0.158
FELICITAS RAMA â™,https://instagram.com/trendyjungle,trendyjungle,6923,0.007
"Fedra, Luna SambrÃ¡n",https://instagram.com/fedra.lunasambran,fedra.lunasambran,6816,0.084
Melisa Quintero | ğŸ“ BA,https://instagram.com/ojosideral.natureph,ojosideral.natureph,6591,0.06
S,https://instagram.com/sol_dominguez,sol_dominguez,6546,0.068
Dady Brieva,https://instagram.com/dadybrieva,dadybrieva,6541,0.056
Pato Fuks,https://instagram.com/patofuks,patofuks,6508,0.038
á¯ I á–‡ G I á‘ I á—© ğŸŒº,https://instagram.com/virmoscara,virmoscara,6471,0.092
Myriam Bunin,https://instagram.com/conestilomyriam,conestilomyriam,6422,0.011
Belu Moroni,https://instagram.com/belumoroni,belumoroni,6420,0.026
IÃ±aki Odriozola,https://instagram.com/inakiodriozola,inakiodriozola,6139,0.147
â‡¥ Gaby Chavez â‡¤,https://instagram.com/gabychavez86,gabychavez86,5984,0.109
Victor Heredia ğŸ€,https://instagram.com/coachvictorheredia,coachvictorheredia,5810,0.024
Yamila Trautman,https://instagram.com/trautman,trautman,5658,0.07
Asana CosmetologÃ­a,https://instagram.com/asanacosmetologia,asanacosmetologia,5627,0.03
sá´á´¡Éªá´‡,https://instagram.com/sofistavrou,sofistavrou,5413,0.055
Turista.ar,https://instagram.com/turista.ar,turista.ar,5260,0.052
Martina Bancalari,https://instagram.com/martubanca,martubanca,5166,0.086
Pablo Forgit  ğŸ™Œ,https://instagram.com/pabloforgit,pabloforgit,5151,0.02
Vicky Ray,https://instagram.com/vickyrayestudio,vickyrayestudio,5121,0.014
NAT KAT,https://instagram.com/natkatnatkat,natkatnatkat,5086,0.035
Zeninho,https://instagram.com/zeninho,zeninho,5069,0.047
Vicky,https://instagram.com/vickyvinent,vickyvinent,4613,0.107
Tomas Birkner De Miguel,https://instagram.com/tomas_birkner,tomas_birkner,4077,0.126
Agus Santamarina,https://instagram.com/agus.santamarinamakeup,agus.santamarinamakeup,3841,0.025
Silvestre.,https://instagram.com/sere_silver,sere_silver,3637,0.113
TOMI WEISS,https://instagram.com/weisstomi,weisstomi,3445,0.194
Roma,https://instagram.com/realmissroma,realmissroma,3351,0.047
Tatiana Ymaz,https://instagram.com/tatiymaz,tatiymaz,3047,0.05
S a n t i a g o  A r Ã© v a l o,https://instagram.com/santi.arevalo,santi.arevalo,2663,0.081
á´ á´€ Ê€ á´› Éª  á´„ á´€ Ã± á´ ğŸ‘©ğŸ¼â€ğŸŒ¾Â®,https://instagram.com/martiicano,martiicano,2331,0.268
Francesca de Nicola,https://instagram.com/frandenicola,frandenicola,2104,0.174
SOFIA MOSS ğŸŒ¸ğŸŒ¸ğŸŒ¸,https://instagram.com/sofimoss,sofimoss,1967,0.111
Carlos Miyama ğŸ“·,https://instagram.com/carlosmiyama,carlosmiyama,1686,0.141
Tini Beccar Varela ğŸŒ¸ğŸŒˆâš¡ï¸,https://instagram.com/tinibv,tinibv,1673,0.095